release	sample_id	run_id	construct	available_overlap_reads	original_selected_reads
2025_DRACH	ONT2025_DRACH_control	90a4d48aede74f9cb9cbcf93cd05a208ed8bc9d1	DRACH_oligo_0	10008	100
2025_DRACH	ONT2025_DRACH_control	90a4d48aede74f9cb9cbcf93cd05a208ed8bc9d1	DRACH_oligo_1	10067	100
2025_DRACH	ONT2025_DRACH_control	90a4d48aede74f9cb9cbcf93cd05a208ed8bc9d1	DRACH_oligo_2	10035	100
2025_DRACH	ONT2025_DRACH_control	90a4d48aede74f9cb9cbcf93cd05a208ed8bc9d1	DRACH_oligo_3	10004	100
2025_DRACH	ONT2025_DRACH_control	90a4d48aede74f9cb9cbcf93cd05a208ed8bc9d1	DRACH_oligo_4	10063	100
2025_DRACH	ONT2025_DRACH_m6A	68e2d378899aa9258a2afbd6859904096951d8a4	DRACH_oligo_0	10003	100
2025_DRACH	ONT2025_DRACH_m6A	68e2d378899aa9258a2afbd6859904096951d8a4	DRACH_oligo_1	10014	100
2025_DRACH	ONT2025_DRACH_m6A	68e2d378899aa9258a2afbd6859904096951d8a4	DRACH_oligo_2	10002	100
2025_DRACH	ONT2025_DRACH_m6A	68e2d378899aa9258a2afbd6859904096951d8a4	DRACH_oligo_3	10004	100
2025_DRACH	ONT2025_DRACH_m6A	68e2d378899aa9258a2afbd6859904096951d8a4	DRACH_oligo_4	10017	100
2026_all5mer	ONT2026_control_A	9cc47edf-fb72-4c31-aefb-09941e7db6fb	5mers_A_RNA_sparse_seq_01	9820	100
2026_all5mer	ONT2026_control_A	9cc47edf-fb72-4c31-aefb-09941e7db6fb	5mers_A_RNA_sparse_seq_02	9606	100
2026_all5mer	ONT2026_control_A	9cc47edf-fb72-4c31-aefb-09941e7db6fb	5mers_A_RNA_sparse_seq_03	9919	100
2026_all5mer	ONT2026_control_A	9cc47edf-fb72-4c31-aefb-09941e7db6fb	5mers_A_RNA_sparse_seq_04	9857	100
2026_all5mer	ONT2026_control_A	9cc47edf-fb72-4c31-aefb-09941e7db6fb	5mers_A_RNA_sparse_seq_05	9778	100
2026_all5mer	ONT2026_control_A	9cc47edf-fb72-4c31-aefb-09941e7db6fb	5mers_A_RNA_sparse_seq_06	9898	100
2026_all5mer	ONT2026_control_A	9cc47edf-fb72-4c31-aefb-09941e7db6fb	5mers_A_RNA_sparse_seq_07	9780	100
2026_all5mer	ONT2026_control_A	9cc47edf-fb72-4c31-aefb-09941e7db6fb	5mers_A_RNA_sparse_seq_08	9853	100
2026_all5mer	ONT2026_control_A	9cc47edf-fb72-4c31-aefb-09941e7db6fb	5mers_A_RNA_sparse_seq_09	9886	100
2026_all5mer	ONT2026_control_A	9cc47edf-fb72-4c31-aefb-09941e7db6fb	5mers_A_RNA_sparse_seq_10	9769	100
2026_all5mer	ONT2026_control_A	9cc47edf-fb72-4c31-aefb-09941e7db6fb	5mers_A_RNA_sparse_seq_11	9872	100
2026_all5mer	ONT2026_control_A	9cc47edf-fb72-4c31-aefb-09941e7db6fb	5mers_A_RNA_sparse_seq_12	9915	100
2026_all5mer	ONT2026_control_A	9cc47edf-fb72-4c31-aefb-09941e7db6fb	5mers_A_RNA_sparse_seq_13	9810	100
2026_all5mer	ONT2026_control_A	9cc47edf-fb72-4c31-aefb-09941e7db6fb	5mers_A_RNA_sparse_seq_14	9819	100
2026_all5mer	ONT2026_control_A	9cc47edf-fb72-4c31-aefb-09941e7db6fb	5mers_A_RNA_sparse_seq_15	9700	100
2026_all5mer	ONT2026_control_A	9cc47edf-fb72-4c31-aefb-09941e7db6fb	5mers_A_RNA_sparse_seq_16	9734	100
2026_all5mer	ONT2026_control_A	9cc47edf-fb72-4c31-aefb-09941e7db6fb	5mers_A_RNA_sparse_seq_17	9680	100
2026_all5mer	ONT2026_control_A	9cc47edf-fb72-4c31-aefb-09941e7db6fb	5mers_A_RNA_sparse_seq_18	9850	100
2026_all5mer	ONT2026_control_A	9cc47edf-fb72-4c31-aefb-09941e7db6fb	5mers_A_RNA_sparse_seq_19	9833	100
2026_all5mer	ONT2026_control_A	9cc47edf-fb72-4c31-aefb-09941e7db6fb	5mers_A_RNA_sparse_seq_20	9837	100
2026_all5mer	ONT2026_control_A	9cc47edf-fb72-4c31-aefb-09941e7db6fb	5mers_A_RNA_sparse_seq_21	9794	100
2026_all5mer	ONT2026_control_A	9cc47edf-fb72-4c31-aefb-09941e7db6fb	5mers_A_RNA_sparse_seq_22	9783	100
2026_all5mer	ONT2026_control_A	9cc47edf-fb72-4c31-aefb-09941e7db6fb	5mers_A_RNA_sparse_seq_23	9759	100
2026_all5mer	ONT2026_control_A	9cc47edf-fb72-4c31-aefb-09941e7db6fb	5mers_A_RNA_sparse_seq_24	9795	100
2026_all5mer	ONT2026_control_A	9cc47edf-fb72-4c31-aefb-09941e7db6fb	5mers_A_RNA_sparse_seq_25	9761	100
2026_all5mer	ONT2026_control_A	9cc47edf-fb72-4c31-aefb-09941e7db6fb	5mers_A_RNA_sparse_seq_26	9827	100
2026_all5mer	ONT2026_control_A	9cc47edf-fb72-4c31-aefb-09941e7db6fb	5mers_A_RNA_sparse_seq_27	9743	100
2026_all5mer	ONT2026_control_A	9cc47edf-fb72-4c31-aefb-09941e7db6fb	5mers_A_RNA_sparse_seq_28	9702	100
2026_all5mer	ONT2026_control_A	9cc47edf-fb72-4c31-aefb-09941e7db6fb	5mers_A_RNA_sparse_seq_29	9757	100
2026_all5mer	ONT2026_control_A	9cc47edf-fb72-4c31-aefb-09941e7db6fb	5mers_A_RNA_sparse_seq_30	9703	100
2026_all5mer	ONT2026_control_A	9cc47edf-fb72-4c31-aefb-09941e7db6fb	5mers_A_RNA_sparse_seq_31	9802	100
2026_all5mer	ONT2026_control_A	9cc47edf-fb72-4c31-aefb-09941e7db6fb	5mers_A_RNA_sparse_seq_32	9435	100
2026_all5mer	ONT2026_m6A	6d77664a-9d3c-4f4c-9c4b-d79e5e244f78	5mers_A_RNA_sparse_seq_01	9589	100
2026_all5mer	ONT2026_m6A	6d77664a-9d3c-4f4c-9c4b-d79e5e244f78	5mers_A_RNA_sparse_seq_02	9421	100
2026_all5mer	ONT2026_m6A	6d77664a-9d3c-4f4c-9c4b-d79e5e244f78	5mers_A_RNA_sparse_seq_03	9721	100
2026_all5mer	ONT2026_m6A	6d77664a-9d3c-4f4c-9c4b-d79e5e244f78	5mers_A_RNA_sparse_seq_04	9757	100
2026_all5mer	ONT2026_m6A	6d77664a-9d3c-4f4c-9c4b-d79e5e244f78	5mers_A_RNA_sparse_seq_05	9744	100
2026_all5mer	ONT2026_m6A	6d77664a-9d3c-4f4c-9c4b-d79e5e244f78	5mers_A_RNA_sparse_seq_06	9807	100
2026_all5mer	ONT2026_m6A	6d77664a-9d3c-4f4c-9c4b-d79e5e244f78	5mers_A_RNA_sparse_seq_07	9382	100
2026_all5mer	ONT2026_m6A	6d77664a-9d3c-4f4c-9c4b-d79e5e244f78	5mers_A_RNA_sparse_seq_08	9634	100
2026_all5mer	ONT2026_m6A	6d77664a-9d3c-4f4c-9c4b-d79e5e244f78	5mers_A_RNA_sparse_seq_09	9785	100
2026_all5mer	ONT2026_m6A	6d77664a-9d3c-4f4c-9c4b-d79e5e244f78	5mers_A_RNA_sparse_seq_10	9444	100
2026_all5mer	ONT2026_m6A	6d77664a-9d3c-4f4c-9c4b-d79e5e244f78	5mers_A_RNA_sparse_seq_11	9695	100
2026_all5mer	ONT2026_m6A	6d77664a-9d3c-4f4c-9c4b-d79e5e244f78	5mers_A_RNA_sparse_seq_12	9858	100
2026_all5mer	ONT2026_m6A	6d77664a-9d3c-4f4c-9c4b-d79e5e244f78	5mers_A_RNA_sparse_seq_13	9625	100
2026_all5mer	ONT2026_m6A	6d77664a-9d3c-4f4c-9c4b-d79e5e244f78	5mers_A_RNA_sparse_seq_14	9530	100
2026_all5mer	ONT2026_m6A	6d77664a-9d3c-4f4c-9c4b-d79e5e244f78	5mers_A_RNA_sparse_seq_15	9544	100
2026_all5mer	ONT2026_m6A	6d77664a-9d3c-4f4c-9c4b-d79e5e244f78	5mers_A_RNA_sparse_seq_16	9539	100
2026_all5mer	ONT2026_m6A	6d77664a-9d3c-4f4c-9c4b-d79e5e244f78	5mers_A_RNA_sparse_seq_17	9357	100
2026_all5mer	ONT2026_m6A	6d77664a-9d3c-4f4c-9c4b-d79e5e244f78	5mers_A_RNA_sparse_seq_18	9631	100
2026_all5mer	ONT2026_m6A	6d77664a-9d3c-4f4c-9c4b-d79e5e244f78	5mers_A_RNA_sparse_seq_19	9592	100
2026_all5mer	ONT2026_m6A	6d77664a-9d3c-4f4c-9c4b-d79e5e244f78	5mers_A_RNA_sparse_seq_20	9695	100
2026_all5mer	ONT2026_m6A	6d77664a-9d3c-4f4c-9c4b-d79e5e244f78	5mers_A_RNA_sparse_seq_21	9587	100
2026_all5mer	ONT2026_m6A	6d77664a-9d3c-4f4c-9c4b-d79e5e244f78	5mers_A_RNA_sparse_seq_22	9599	100
2026_all5mer	ONT2026_m6A	6d77664a-9d3c-4f4c-9c4b-d79e5e244f78	5mers_A_RNA_sparse_seq_23	9568	100
2026_all5mer	ONT2026_m6A	6d77664a-9d3c-4f4c-9c4b-d79e5e244f78	5mers_A_RNA_sparse_seq_24	9605	100
2026_all5mer	ONT2026_m6A	6d77664a-9d3c-4f4c-9c4b-d79e5e244f78	5mers_A_RNA_sparse_seq_25	9780	100
2026_all5mer	ONT2026_m6A	6d77664a-9d3c-4f4c-9c4b-d79e5e244f78	5mers_A_RNA_sparse_seq_26	9746	100
2026_all5mer	ONT2026_m6A	6d77664a-9d3c-4f4c-9c4b-d79e5e244f78	5mers_A_RNA_sparse_seq_27	9653	100
2026_all5mer	ONT2026_m6A	6d77664a-9d3c-4f4c-9c4b-d79e5e244f78	5mers_A_RNA_sparse_seq_28	9469	100
2026_all5mer	ONT2026_m6A	6d77664a-9d3c-4f4c-9c4b-d79e5e244f78	5mers_A_RNA_sparse_seq_29	9414	100
2026_all5mer	ONT2026_m6A	6d77664a-9d3c-4f4c-9c4b-d79e5e244f78	5mers_A_RNA_sparse_seq_30	9344	100
2026_all5mer	ONT2026_m6A	6d77664a-9d3c-4f4c-9c4b-d79e5e244f78	5mers_A_RNA_sparse_seq_31	9570	100
2026_all5mer	ONT2026_m6A	6d77664a-9d3c-4f4c-9c4b-d79e5e244f78	5mers_A_RNA_sparse_seq_32	9385	100
