release	construct	truth_class	alignment_status	score_status	count	eligible_for_native_bounds
2025_DRACH	DRACH_oligo_0	0	MATCHED_READ_SITE	dot_low_probability_assumption	35426	True
2025_DRACH	DRACH_oligo_0	0	MATCHED_READ_SITE	explicit	3655	False
2025_DRACH	DRACH_oligo_0	0	NON_A_QUERY_BASE	canonical_base_mismatch	160	False
2025_DRACH	DRACH_oligo_0	0	NO_QUERY_BASE	alignment_deletion_or_skip	142	False
2025_DRACH	DRACH_oligo_1	0	MATCHED_READ_SITE	dot_low_probability_assumption	35281	True
2025_DRACH	DRACH_oligo_1	0	MATCHED_READ_SITE	explicit	3535	False
2025_DRACH	DRACH_oligo_1	0	NON_A_QUERY_BASE	canonical_base_mismatch	156	False
2025_DRACH	DRACH_oligo_1	0	NO_QUERY_BASE	alignment_deletion_or_skip	225	False
2025_DRACH	DRACH_oligo_2	0	MATCHED_READ_SITE	dot_low_probability_assumption	32294	True
2025_DRACH	DRACH_oligo_2	0	MATCHED_READ_SITE	explicit	6944	False
2025_DRACH	DRACH_oligo_2	0	NON_A_QUERY_BASE	canonical_base_mismatch	247	False
2025_DRACH	DRACH_oligo_2	0	NO_QUERY_BASE	alignment_deletion_or_skip	287	False
2025_DRACH	DRACH_oligo_3	0	MATCHED_READ_SITE	dot_low_probability_assumption	35563	True
2025_DRACH	DRACH_oligo_3	0	MATCHED_READ_SITE	explicit	3732	False
2025_DRACH	DRACH_oligo_3	0	NON_A_QUERY_BASE	canonical_base_mismatch	198	False
2025_DRACH	DRACH_oligo_3	0	NO_QUERY_BASE	alignment_deletion_or_skip	141	False
2025_DRACH	DRACH_oligo_4	0	MATCHED_READ_SITE	dot_low_probability_assumption	36096	True
2025_DRACH	DRACH_oligo_4	0	MATCHED_READ_SITE	explicit	3011	False
2025_DRACH	DRACH_oligo_4	0	NON_A_QUERY_BASE	canonical_base_mismatch	261	False
2025_DRACH	DRACH_oligo_4	0	NO_QUERY_BASE	alignment_deletion_or_skip	209	False
2025_DRACH	DRACH_oligo_0	1	MATCHED_READ_SITE	dot_low_probability_assumption	291	True
2025_DRACH	DRACH_oligo_0	1	MATCHED_READ_SITE	explicit	38849	False
2025_DRACH	DRACH_oligo_0	1	NON_A_QUERY_BASE	canonical_base_mismatch	246	False
2025_DRACH	DRACH_oligo_0	1	NO_QUERY_BASE	alignment_deletion_or_skip	152	False
2025_DRACH	DRACH_oligo_1	1	MATCHED_READ_SITE	dot_low_probability_assumption	212	True
2025_DRACH	DRACH_oligo_1	1	MATCHED_READ_SITE	explicit	38411	False
2025_DRACH	DRACH_oligo_1	1	NON_A_QUERY_BASE	canonical_base_mismatch	209	False
2025_DRACH	DRACH_oligo_1	1	NO_QUERY_BASE	alignment_deletion_or_skip	250	False
2025_DRACH	DRACH_oligo_2	1	MATCHED_READ_SITE	dot_low_probability_assumption	242	True
2025_DRACH	DRACH_oligo_2	1	MATCHED_READ_SITE	explicit	38253	False
2025_DRACH	DRACH_oligo_2	1	NON_A_QUERY_BASE	canonical_base_mismatch	468	False
2025_DRACH	DRACH_oligo_2	1	NO_QUERY_BASE	alignment_deletion_or_skip	272	False
2025_DRACH	DRACH_oligo_3	1	MATCHED_READ_SITE	dot_low_probability_assumption	181	True
2025_DRACH	DRACH_oligo_3	1	MATCHED_READ_SITE	explicit	38487	False
2025_DRACH	DRACH_oligo_3	1	NON_A_QUERY_BASE	canonical_base_mismatch	228	False
2025_DRACH	DRACH_oligo_3	1	NO_QUERY_BASE	alignment_deletion_or_skip	258	False
2025_DRACH	DRACH_oligo_4	1	MATCHED_READ_SITE	dot_low_probability_assumption	169	True
2025_DRACH	DRACH_oligo_4	1	MATCHED_READ_SITE	explicit	38495	False
2025_DRACH	DRACH_oligo_4	1	NON_A_QUERY_BASE	canonical_base_mismatch	365	False
2025_DRACH	DRACH_oligo_4	1	NO_QUERY_BASE	alignment_deletion_or_skip	227	False
2026_all5mer	5mers_A_RNA_sparse_seq_01	0	MATCHED_READ_SITE	dot_low_probability_assumption	48363	True
2026_all5mer	5mers_A_RNA_sparse_seq_01	0	MATCHED_READ_SITE	explicit	24406	False
2026_all5mer	5mers_A_RNA_sparse_seq_01	0	NON_A_QUERY_BASE	canonical_base_mismatch	651	False
2026_all5mer	5mers_A_RNA_sparse_seq_01	0	NO_QUERY_BASE	alignment_deletion_or_skip	546	False
2026_all5mer	5mers_A_RNA_sparse_seq_02	0	MATCHED_READ_SITE	dot_low_probability_assumption	49863	True
2026_all5mer	5mers_A_RNA_sparse_seq_02	0	MATCHED_READ_SITE	explicit	22507	False
2026_all5mer	5mers_A_RNA_sparse_seq_02	0	NON_A_QUERY_BASE	canonical_base_mismatch	471	False
2026_all5mer	5mers_A_RNA_sparse_seq_02	0	NO_QUERY_BASE	alignment_deletion_or_skip	739	False
2026_all5mer	5mers_A_RNA_sparse_seq_03	0	MATCHED_READ_SITE	dot_low_probability_assumption	55191	True
2026_all5mer	5mers_A_RNA_sparse_seq_03	0	MATCHED_READ_SITE	explicit	20000	False
2026_all5mer	5mers_A_RNA_sparse_seq_03	0	NON_A_QUERY_BASE	canonical_base_mismatch	365	False
2026_all5mer	5mers_A_RNA_sparse_seq_03	0	NO_QUERY_BASE	alignment_deletion_or_skip	455	False
2026_all5mer	5mers_A_RNA_sparse_seq_04	0	MATCHED_READ_SITE	dot_low_probability_assumption	51433	True
2026_all5mer	5mers_A_RNA_sparse_seq_04	0	MATCHED_READ_SITE	explicit	21962	False
2026_all5mer	5mers_A_RNA_sparse_seq_04	0	NON_A_QUERY_BASE	canonical_base_mismatch	567	False
2026_all5mer	5mers_A_RNA_sparse_seq_04	0	NO_QUERY_BASE	alignment_deletion_or_skip	295	False
2026_all5mer	5mers_A_RNA_sparse_seq_05	0	MATCHED_READ_SITE	dot_low_probability_assumption	51094	True
2026_all5mer	5mers_A_RNA_sparse_seq_05	0	MATCHED_READ_SITE	explicit	21025	False
2026_all5mer	5mers_A_RNA_sparse_seq_05	0	NON_A_QUERY_BASE	canonical_base_mismatch	398	False
2026_all5mer	5mers_A_RNA_sparse_seq_05	0	NO_QUERY_BASE	alignment_deletion_or_skip	291	False
2026_all5mer	5mers_A_RNA_sparse_seq_06	0	MATCHED_READ_SITE	dot_low_probability_assumption	54525	True
2026_all5mer	5mers_A_RNA_sparse_seq_06	0	MATCHED_READ_SITE	explicit	20639	False
2026_all5mer	5mers_A_RNA_sparse_seq_06	0	NON_A_QUERY_BASE	canonical_base_mismatch	446	False
2026_all5mer	5mers_A_RNA_sparse_seq_06	0	NO_QUERY_BASE	alignment_deletion_or_skip	476	False
2026_all5mer	5mers_A_RNA_sparse_seq_07	0	MATCHED_READ_SITE	dot_low_probability_assumption	54791	True
2026_all5mer	5mers_A_RNA_sparse_seq_07	0	MATCHED_READ_SITE	explicit	19389	False
2026_all5mer	5mers_A_RNA_sparse_seq_07	0	NON_A_QUERY_BASE	canonical_base_mismatch	421	False
2026_all5mer	5mers_A_RNA_sparse_seq_07	0	NO_QUERY_BASE	alignment_deletion_or_skip	367	False
2026_all5mer	5mers_A_RNA_sparse_seq_08	0	MATCHED_READ_SITE	dot_low_probability_assumption	58609	True
2026_all5mer	5mers_A_RNA_sparse_seq_08	0	MATCHED_READ_SITE	explicit	16571	False
2026_all5mer	5mers_A_RNA_sparse_seq_08	0	NON_A_QUERY_BASE	canonical_base_mismatch	371	False
2026_all5mer	5mers_A_RNA_sparse_seq_08	0	NO_QUERY_BASE	alignment_deletion_or_skip	400	False
2026_all5mer	5mers_A_RNA_sparse_seq_09	0	MATCHED_READ_SITE	dot_low_probability_assumption	52258	True
2026_all5mer	5mers_A_RNA_sparse_seq_09	0	MATCHED_READ_SITE	explicit	20457	False
2026_all5mer	5mers_A_RNA_sparse_seq_09	0	NON_A_QUERY_BASE	canonical_base_mismatch	787	False
2026_all5mer	5mers_A_RNA_sparse_seq_09	0	NO_QUERY_BASE	alignment_deletion_or_skip	471	False
2026_all5mer	5mers_A_RNA_sparse_seq_10	0	MATCHED_READ_SITE	dot_low_probability_assumption	53782	True
2026_all5mer	5mers_A_RNA_sparse_seq_10	0	MATCHED_READ_SITE	explicit	16556	False
2026_all5mer	5mers_A_RNA_sparse_seq_10	0	NON_A_QUERY_BASE	canonical_base_mismatch	412	False
2026_all5mer	5mers_A_RNA_sparse_seq_10	0	NO_QUERY_BASE	alignment_deletion_or_skip	513	False
2026_all5mer	5mers_A_RNA_sparse_seq_11	0	MATCHED_READ_SITE	dot_low_probability_assumption	50523	True
2026_all5mer	5mers_A_RNA_sparse_seq_11	0	MATCHED_READ_SITE	explicit	23470	False
2026_all5mer	5mers_A_RNA_sparse_seq_11	0	NON_A_QUERY_BASE	canonical_base_mismatch	471	False
2026_all5mer	5mers_A_RNA_sparse_seq_11	0	NO_QUERY_BASE	alignment_deletion_or_skip	221	False
2026_all5mer	5mers_A_RNA_sparse_seq_12	0	MATCHED_READ_SITE	dot_low_probability_assumption	52717	True
2026_all5mer	5mers_A_RNA_sparse_seq_12	0	MATCHED_READ_SITE	explicit	20730	False
2026_all5mer	5mers_A_RNA_sparse_seq_12	0	NON_A_QUERY_BASE	canonical_base_mismatch	443	False
2026_all5mer	5mers_A_RNA_sparse_seq_12	0	NO_QUERY_BASE	alignment_deletion_or_skip	362	False
2026_all5mer	5mers_A_RNA_sparse_seq_13	0	MATCHED_READ_SITE	dot_low_probability_assumption	55884	True
2026_all5mer	5mers_A_RNA_sparse_seq_13	0	MATCHED_READ_SITE	explicit	16692	False
2026_all5mer	5mers_A_RNA_sparse_seq_13	0	NON_A_QUERY_BASE	canonical_base_mismatch	788	False
2026_all5mer	5mers_A_RNA_sparse_seq_13	0	NO_QUERY_BASE	alignment_deletion_or_skip	1073	False
2026_all5mer	5mers_A_RNA_sparse_seq_14	0	MATCHED_READ_SITE	dot_low_probability_assumption	53033	True
2026_all5mer	5mers_A_RNA_sparse_seq_14	0	MATCHED_READ_SITE	explicit	20738	False
2026_all5mer	5mers_A_RNA_sparse_seq_14	0	NON_A_QUERY_BASE	canonical_base_mismatch	314	False
2026_all5mer	5mers_A_RNA_sparse_seq_14	0	NO_QUERY_BASE	alignment_deletion_or_skip	539	False
2026_all5mer	5mers_A_RNA_sparse_seq_15	0	MATCHED_READ_SITE	dot_low_probability_assumption	44683	True
2026_all5mer	5mers_A_RNA_sparse_seq_15	0	MATCHED_READ_SITE	explicit	26849	False
2026_all5mer	5mers_A_RNA_sparse_seq_15	0	NON_A_QUERY_BASE	canonical_base_mismatch	448	False
2026_all5mer	5mers_A_RNA_sparse_seq_15	0	NO_QUERY_BASE	alignment_deletion_or_skip	431	False
2026_all5mer	5mers_A_RNA_sparse_seq_16	0	MATCHED_READ_SITE	dot_low_probability_assumption	39401	True
2026_all5mer	5mers_A_RNA_sparse_seq_16	0	MATCHED_READ_SITE	explicit	27974	False
2026_all5mer	5mers_A_RNA_sparse_seq_16	0	NON_A_QUERY_BASE	canonical_base_mismatch	610	False
2026_all5mer	5mers_A_RNA_sparse_seq_16	0	NO_QUERY_BASE	alignment_deletion_or_skip	710	False
2026_all5mer	5mers_A_RNA_sparse_seq_17	0	MATCHED_READ_SITE	dot_low_probability_assumption	52018	True
2026_all5mer	5mers_A_RNA_sparse_seq_17	0	MATCHED_READ_SITE	explicit	19109	False
2026_all5mer	5mers_A_RNA_sparse_seq_17	0	NON_A_QUERY_BASE	canonical_base_mismatch	540	False
2026_all5mer	5mers_A_RNA_sparse_seq_17	0	NO_QUERY_BASE	alignment_deletion_or_skip	478	False
2026_all5mer	5mers_A_RNA_sparse_seq_18	0	MATCHED_READ_SITE	dot_low_probability_assumption	54553	True
2026_all5mer	5mers_A_RNA_sparse_seq_18	0	MATCHED_READ_SITE	explicit	19397	False
2026_all5mer	5mers_A_RNA_sparse_seq_18	0	NON_A_QUERY_BASE	canonical_base_mismatch	281	False
2026_all5mer	5mers_A_RNA_sparse_seq_18	0	NO_QUERY_BASE	alignment_deletion_or_skip	244	False
2026_all5mer	5mers_A_RNA_sparse_seq_19	0	MATCHED_READ_SITE	dot_low_probability_assumption	59254	True
2026_all5mer	5mers_A_RNA_sparse_seq_19	0	MATCHED_READ_SITE	explicit	13762	False
2026_all5mer	5mers_A_RNA_sparse_seq_19	0	NON_A_QUERY_BASE	canonical_base_mismatch	1019	False
2026_all5mer	5mers_A_RNA_sparse_seq_19	0	NO_QUERY_BASE	alignment_deletion_or_skip	905	False
2026_all5mer	5mers_A_RNA_sparse_seq_20	0	MATCHED_READ_SITE	dot_low_probability_assumption	46115	True
2026_all5mer	5mers_A_RNA_sparse_seq_20	0	MATCHED_READ_SITE	explicit	27734	False
2026_all5mer	5mers_A_RNA_sparse_seq_20	0	NON_A_QUERY_BASE	canonical_base_mismatch	622	False
2026_all5mer	5mers_A_RNA_sparse_seq_20	0	NO_QUERY_BASE	alignment_deletion_or_skip	956	False
2026_all5mer	5mers_A_RNA_sparse_seq_21	0	MATCHED_READ_SITE	dot_low_probability_assumption	53613	True
2026_all5mer	5mers_A_RNA_sparse_seq_21	0	MATCHED_READ_SITE	explicit	20124	False
2026_all5mer	5mers_A_RNA_sparse_seq_21	0	NON_A_QUERY_BASE	canonical_base_mismatch	455	False
2026_all5mer	5mers_A_RNA_sparse_seq_21	0	NO_QUERY_BASE	alignment_deletion_or_skip	481	False
2026_all5mer	5mers_A_RNA_sparse_seq_22	0	MATCHED_READ_SITE	dot_low_probability_assumption	44557	True
2026_all5mer	5mers_A_RNA_sparse_seq_22	0	MATCHED_READ_SITE	explicit	27698	False
2026_all5mer	5mers_A_RNA_sparse_seq_22	0	NON_A_QUERY_BASE	canonical_base_mismatch	676	False
2026_all5mer	5mers_A_RNA_sparse_seq_22	0	NO_QUERY_BASE	alignment_deletion_or_skip	740	False
2026_all5mer	5mers_A_RNA_sparse_seq_23	0	MATCHED_READ_SITE	dot_low_probability_assumption	50150	True
2026_all5mer	5mers_A_RNA_sparse_seq_23	0	MATCHED_READ_SITE	explicit	22688	False
2026_all5mer	5mers_A_RNA_sparse_seq_23	0	NON_A_QUERY_BASE	canonical_base_mismatch	510	False
2026_all5mer	5mers_A_RNA_sparse_seq_23	0	NO_QUERY_BASE	alignment_deletion_or_skip	418	False
2026_all5mer	5mers_A_RNA_sparse_seq_24	0	MATCHED_READ_SITE	dot_low_probability_assumption	47710	True
2026_all5mer	5mers_A_RNA_sparse_seq_24	0	MATCHED_READ_SITE	explicit	26394	False
2026_all5mer	5mers_A_RNA_sparse_seq_24	0	NON_A_QUERY_BASE	canonical_base_mismatch	486	False
2026_all5mer	5mers_A_RNA_sparse_seq_24	0	NO_QUERY_BASE	alignment_deletion_or_skip	549	False
2026_all5mer	5mers_A_RNA_sparse_seq_25	0	MATCHED_READ_SITE	dot_low_probability_assumption	50341	True
2026_all5mer	5mers_A_RNA_sparse_seq_25	0	MATCHED_READ_SITE	explicit	21884	False
2026_all5mer	5mers_A_RNA_sparse_seq_25	0	NON_A_QUERY_BASE	canonical_base_mismatch	503	False
2026_all5mer	5mers_A_RNA_sparse_seq_25	0	NO_QUERY_BASE	alignment_deletion_or_skip	423	False
2026_all5mer	5mers_A_RNA_sparse_seq_26	0	MATCHED_READ_SITE	dot_low_probability_assumption	49431	True
2026_all5mer	5mers_A_RNA_sparse_seq_26	0	MATCHED_READ_SITE	explicit	21806	False
2026_all5mer	5mers_A_RNA_sparse_seq_26	0	NON_A_QUERY_BASE	canonical_base_mismatch	504	False
2026_all5mer	5mers_A_RNA_sparse_seq_26	0	NO_QUERY_BASE	alignment_deletion_or_skip	541	False
2026_all5mer	5mers_A_RNA_sparse_seq_27	0	MATCHED_READ_SITE	dot_low_probability_assumption	54200	True
2026_all5mer	5mers_A_RNA_sparse_seq_27	0	MATCHED_READ_SITE	explicit	18495	False
2026_all5mer	5mers_A_RNA_sparse_seq_27	0	NON_A_QUERY_BASE	canonical_base_mismatch	715	False
2026_all5mer	5mers_A_RNA_sparse_seq_27	0	NO_QUERY_BASE	alignment_deletion_or_skip	411	False
2026_all5mer	5mers_A_RNA_sparse_seq_28	0	MATCHED_READ_SITE	dot_low_probability_assumption	55163	True
2026_all5mer	5mers_A_RNA_sparse_seq_28	0	MATCHED_READ_SITE	explicit	17403	False
2026_all5mer	5mers_A_RNA_sparse_seq_28	0	NON_A_QUERY_BASE	canonical_base_mismatch	554	False
2026_all5mer	5mers_A_RNA_sparse_seq_28	0	NO_QUERY_BASE	alignment_deletion_or_skip	508	False
2026_all5mer	5mers_A_RNA_sparse_seq_29	0	MATCHED_READ_SITE	dot_low_probability_assumption	57407	True
2026_all5mer	5mers_A_RNA_sparse_seq_29	0	MATCHED_READ_SITE	explicit	15919	False
2026_all5mer	5mers_A_RNA_sparse_seq_29	0	NON_A_QUERY_BASE	canonical_base_mismatch	659	False
2026_all5mer	5mers_A_RNA_sparse_seq_29	0	NO_QUERY_BASE	alignment_deletion_or_skip	577	False
2026_all5mer	5mers_A_RNA_sparse_seq_30	0	MATCHED_READ_SITE	dot_low_probability_assumption	45503	True
2026_all5mer	5mers_A_RNA_sparse_seq_30	0	MATCHED_READ_SITE	explicit	25263	False
2026_all5mer	5mers_A_RNA_sparse_seq_30	0	NON_A_QUERY_BASE	canonical_base_mismatch	586	False
2026_all5mer	5mers_A_RNA_sparse_seq_30	0	NO_QUERY_BASE	alignment_deletion_or_skip	831	False
2026_all5mer	5mers_A_RNA_sparse_seq_31	0	MATCHED_READ_SITE	dot_low_probability_assumption	57590	True
2026_all5mer	5mers_A_RNA_sparse_seq_31	0	MATCHED_READ_SITE	explicit	15271	False
2026_all5mer	5mers_A_RNA_sparse_seq_31	0	NON_A_QUERY_BASE	canonical_base_mismatch	610	False
2026_all5mer	5mers_A_RNA_sparse_seq_31	0	NO_QUERY_BASE	alignment_deletion_or_skip	534	False
2026_all5mer	5mers_A_RNA_sparse_seq_32	0	MATCHED_READ_SITE	dot_low_probability_assumption	42695	True
2026_all5mer	5mers_A_RNA_sparse_seq_32	0	MATCHED_READ_SITE	explicit	27134	False
2026_all5mer	5mers_A_RNA_sparse_seq_32	0	NON_A_QUERY_BASE	canonical_base_mismatch	618	False
2026_all5mer	5mers_A_RNA_sparse_seq_32	0	NO_QUERY_BASE	alignment_deletion_or_skip	681	False
2026_all5mer	5mers_A_RNA_sparse_seq_01	1	MATCHED_READ_SITE	dot_low_probability_assumption	902	True
2026_all5mer	5mers_A_RNA_sparse_seq_01	1	MATCHED_READ_SITE	explicit	69619	False
2026_all5mer	5mers_A_RNA_sparse_seq_01	1	NON_A_QUERY_BASE	canonical_base_mismatch	828	False
2026_all5mer	5mers_A_RNA_sparse_seq_01	1	NO_QUERY_BASE	alignment_deletion_or_skip	694	False
2026_all5mer	5mers_A_RNA_sparse_seq_02	1	MATCHED_READ_SITE	dot_low_probability_assumption	549	True
2026_all5mer	5mers_A_RNA_sparse_seq_02	1	MATCHED_READ_SITE	explicit	70623	False
2026_all5mer	5mers_A_RNA_sparse_seq_02	1	NON_A_QUERY_BASE	canonical_base_mismatch	415	False
2026_all5mer	5mers_A_RNA_sparse_seq_02	1	NO_QUERY_BASE	alignment_deletion_or_skip	584	False
2026_all5mer	5mers_A_RNA_sparse_seq_03	1	MATCHED_READ_SITE	dot_low_probability_assumption	468	True
2026_all5mer	5mers_A_RNA_sparse_seq_03	1	MATCHED_READ_SITE	explicit	71400	False
2026_all5mer	5mers_A_RNA_sparse_seq_03	1	NON_A_QUERY_BASE	canonical_base_mismatch	410	False
2026_all5mer	5mers_A_RNA_sparse_seq_03	1	NO_QUERY_BASE	alignment_deletion_or_skip	525	False
2026_all5mer	5mers_A_RNA_sparse_seq_04	1	MATCHED_READ_SITE	dot_low_probability_assumption	634	True
2026_all5mer	5mers_A_RNA_sparse_seq_04	1	MATCHED_READ_SITE	explicit	69619	False
2026_all5mer	5mers_A_RNA_sparse_seq_04	1	NON_A_QUERY_BASE	canonical_base_mismatch	720	False
2026_all5mer	5mers_A_RNA_sparse_seq_04	1	NO_QUERY_BASE	alignment_deletion_or_skip	409	False
2026_all5mer	5mers_A_RNA_sparse_seq_05	1	MATCHED_READ_SITE	dot_low_probability_assumption	371	True
2026_all5mer	5mers_A_RNA_sparse_seq_05	1	MATCHED_READ_SITE	explicit	73382	False
2026_all5mer	5mers_A_RNA_sparse_seq_05	1	NON_A_QUERY_BASE	canonical_base_mismatch	334	False
2026_all5mer	5mers_A_RNA_sparse_seq_05	1	NO_QUERY_BASE	alignment_deletion_or_skip	266	False
2026_all5mer	5mers_A_RNA_sparse_seq_06	1	MATCHED_READ_SITE	dot_low_probability_assumption	773	True
2026_all5mer	5mers_A_RNA_sparse_seq_06	1	MATCHED_READ_SITE	explicit	73212	False
2026_all5mer	5mers_A_RNA_sparse_seq_06	1	NON_A_QUERY_BASE	canonical_base_mismatch	808	False
2026_all5mer	5mers_A_RNA_sparse_seq_06	1	NO_QUERY_BASE	alignment_deletion_or_skip	525	False
2026_all5mer	5mers_A_RNA_sparse_seq_07	1	MATCHED_READ_SITE	dot_low_probability_assumption	820	True
2026_all5mer	5mers_A_RNA_sparse_seq_07	1	MATCHED_READ_SITE	explicit	69521	False
2026_all5mer	5mers_A_RNA_sparse_seq_07	1	NON_A_QUERY_BASE	canonical_base_mismatch	599	False
2026_all5mer	5mers_A_RNA_sparse_seq_07	1	NO_QUERY_BASE	alignment_deletion_or_skip	418	False
2026_all5mer	5mers_A_RNA_sparse_seq_08	1	MATCHED_READ_SITE	dot_low_probability_assumption	911	True
2026_all5mer	5mers_A_RNA_sparse_seq_08	1	MATCHED_READ_SITE	explicit	71528	False
2026_all5mer	5mers_A_RNA_sparse_seq_08	1	NON_A_QUERY_BASE	canonical_base_mismatch	646	False
2026_all5mer	5mers_A_RNA_sparse_seq_08	1	NO_QUERY_BASE	alignment_deletion_or_skip	519	False
2026_all5mer	5mers_A_RNA_sparse_seq_09	1	MATCHED_READ_SITE	dot_low_probability_assumption	760	True
2026_all5mer	5mers_A_RNA_sparse_seq_09	1	MATCHED_READ_SITE	explicit	70856	False
2026_all5mer	5mers_A_RNA_sparse_seq_09	1	NON_A_QUERY_BASE	canonical_base_mismatch	950	False
2026_all5mer	5mers_A_RNA_sparse_seq_09	1	NO_QUERY_BASE	alignment_deletion_or_skip	558	False
2026_all5mer	5mers_A_RNA_sparse_seq_10	1	MATCHED_READ_SITE	dot_low_probability_assumption	338	True
2026_all5mer	5mers_A_RNA_sparse_seq_10	1	MATCHED_READ_SITE	explicit	67861	False
2026_all5mer	5mers_A_RNA_sparse_seq_10	1	NON_A_QUERY_BASE	canonical_base_mismatch	471	False
2026_all5mer	5mers_A_RNA_sparse_seq_10	1	NO_QUERY_BASE	alignment_deletion_or_skip	748	False
2026_all5mer	5mers_A_RNA_sparse_seq_11	1	MATCHED_READ_SITE	dot_low_probability_assumption	560	True
2026_all5mer	5mers_A_RNA_sparse_seq_11	1	MATCHED_READ_SITE	explicit	71598	False
2026_all5mer	5mers_A_RNA_sparse_seq_11	1	NON_A_QUERY_BASE	canonical_base_mismatch	574	False
2026_all5mer	5mers_A_RNA_sparse_seq_11	1	NO_QUERY_BASE	alignment_deletion_or_skip	160	False
2026_all5mer	5mers_A_RNA_sparse_seq_12	1	MATCHED_READ_SITE	dot_low_probability_assumption	1157	True
2026_all5mer	5mers_A_RNA_sparse_seq_12	1	MATCHED_READ_SITE	explicit	72306	False
2026_all5mer	5mers_A_RNA_sparse_seq_12	1	NON_A_QUERY_BASE	canonical_base_mismatch	443	False
2026_all5mer	5mers_A_RNA_sparse_seq_12	1	NO_QUERY_BASE	alignment_deletion_or_skip	350	False
2026_all5mer	5mers_A_RNA_sparse_seq_13	1	MATCHED_READ_SITE	dot_low_probability_assumption	585	True
2026_all5mer	5mers_A_RNA_sparse_seq_13	1	MATCHED_READ_SITE	explicit	70381	False
2026_all5mer	5mers_A_RNA_sparse_seq_13	1	NON_A_QUERY_BASE	canonical_base_mismatch	1054	False
2026_all5mer	5mers_A_RNA_sparse_seq_13	1	NO_QUERY_BASE	alignment_deletion_or_skip	950	False
2026_all5mer	5mers_A_RNA_sparse_seq_14	1	MATCHED_READ_SITE	dot_low_probability_assumption	462	True
2026_all5mer	5mers_A_RNA_sparse_seq_14	1	MATCHED_READ_SITE	explicit	71165	False
2026_all5mer	5mers_A_RNA_sparse_seq_14	1	NON_A_QUERY_BASE	canonical_base_mismatch	318	False
2026_all5mer	5mers_A_RNA_sparse_seq_14	1	NO_QUERY_BASE	alignment_deletion_or_skip	924	False
2026_all5mer	5mers_A_RNA_sparse_seq_15	1	MATCHED_READ_SITE	dot_low_probability_assumption	710	True
2026_all5mer	5mers_A_RNA_sparse_seq_15	1	MATCHED_READ_SITE	explicit	71088	False
2026_all5mer	5mers_A_RNA_sparse_seq_15	1	NON_A_QUERY_BASE	canonical_base_mismatch	533	False
2026_all5mer	5mers_A_RNA_sparse_seq_15	1	NO_QUERY_BASE	alignment_deletion_or_skip	518	False
2026_all5mer	5mers_A_RNA_sparse_seq_16	1	MATCHED_READ_SITE	dot_low_probability_assumption	1096	True
2026_all5mer	5mers_A_RNA_sparse_seq_16	1	MATCHED_READ_SITE	explicit	68596	False
2026_all5mer	5mers_A_RNA_sparse_seq_16	1	NON_A_QUERY_BASE	canonical_base_mismatch	713	False
2026_all5mer	5mers_A_RNA_sparse_seq_16	1	NO_QUERY_BASE	alignment_deletion_or_skip	715	False
2026_all5mer	5mers_A_RNA_sparse_seq_17	1	MATCHED_READ_SITE	dot_low_probability_assumption	450	True
2026_all5mer	5mers_A_RNA_sparse_seq_17	1	MATCHED_READ_SITE	explicit	67600	False
2026_all5mer	5mers_A_RNA_sparse_seq_17	1	NON_A_QUERY_BASE	canonical_base_mismatch	729	False
2026_all5mer	5mers_A_RNA_sparse_seq_17	1	NO_QUERY_BASE	alignment_deletion_or_skip	546	False
2026_all5mer	5mers_A_RNA_sparse_seq_18	1	MATCHED_READ_SITE	dot_low_probability_assumption	491	True
2026_all5mer	5mers_A_RNA_sparse_seq_18	1	MATCHED_READ_SITE	explicit	71759	False
2026_all5mer	5mers_A_RNA_sparse_seq_18	1	NON_A_QUERY_BASE	canonical_base_mismatch	241	False
2026_all5mer	5mers_A_RNA_sparse_seq_18	1	NO_QUERY_BASE	alignment_deletion_or_skip	236	False
2026_all5mer	5mers_A_RNA_sparse_seq_19	1	MATCHED_READ_SITE	dot_low_probability_assumption	513	True
2026_all5mer	5mers_A_RNA_sparse_seq_19	1	MATCHED_READ_SITE	explicit	70027	False
2026_all5mer	5mers_A_RNA_sparse_seq_19	1	NON_A_QUERY_BASE	canonical_base_mismatch	1774	False
2026_all5mer	5mers_A_RNA_sparse_seq_19	1	NO_QUERY_BASE	alignment_deletion_or_skip	979	False
2026_all5mer	5mers_A_RNA_sparse_seq_20	1	MATCHED_READ_SITE	dot_low_probability_assumption	580	True
2026_all5mer	5mers_A_RNA_sparse_seq_20	1	MATCHED_READ_SITE	explicit	72206	False
2026_all5mer	5mers_A_RNA_sparse_seq_20	1	NON_A_QUERY_BASE	canonical_base_mismatch	635	False
2026_all5mer	5mers_A_RNA_sparse_seq_20	1	NO_QUERY_BASE	alignment_deletion_or_skip	1716	False
2026_all5mer	5mers_A_RNA_sparse_seq_21	1	MATCHED_READ_SITE	dot_low_probability_assumption	700	True
2026_all5mer	5mers_A_RNA_sparse_seq_21	1	MATCHED_READ_SITE	explicit	70175	False
2026_all5mer	5mers_A_RNA_sparse_seq_21	1	NON_A_QUERY_BASE	canonical_base_mismatch	400	False
2026_all5mer	5mers_A_RNA_sparse_seq_21	1	NO_QUERY_BASE	alignment_deletion_or_skip	449	False
2026_all5mer	5mers_A_RNA_sparse_seq_22	1	MATCHED_READ_SITE	dot_low_probability_assumption	882	True
2026_all5mer	5mers_A_RNA_sparse_seq_22	1	MATCHED_READ_SITE	explicit	67673	False
2026_all5mer	5mers_A_RNA_sparse_seq_22	1	NON_A_QUERY_BASE	canonical_base_mismatch	969	False
2026_all5mer	5mers_A_RNA_sparse_seq_22	1	NO_QUERY_BASE	alignment_deletion_or_skip	1067	False
2026_all5mer	5mers_A_RNA_sparse_seq_23	1	MATCHED_READ_SITE	dot_low_probability_assumption	669	True
2026_all5mer	5mers_A_RNA_sparse_seq_23	1	MATCHED_READ_SITE	explicit	70615	False
2026_all5mer	5mers_A_RNA_sparse_seq_23	1	NON_A_QUERY_BASE	canonical_base_mismatch	970	False
2026_all5mer	5mers_A_RNA_sparse_seq_23	1	NO_QUERY_BASE	alignment_deletion_or_skip	410	False
2026_all5mer	5mers_A_RNA_sparse_seq_24	1	MATCHED_READ_SITE	dot_low_probability_assumption	362	True
2026_all5mer	5mers_A_RNA_sparse_seq_24	1	MATCHED_READ_SITE	explicit	71996	False
2026_all5mer	5mers_A_RNA_sparse_seq_24	1	NON_A_QUERY_BASE	canonical_base_mismatch	614	False
2026_all5mer	5mers_A_RNA_sparse_seq_24	1	NO_QUERY_BASE	alignment_deletion_or_skip	627	False
2026_all5mer	5mers_A_RNA_sparse_seq_25	1	MATCHED_READ_SITE	dot_low_probability_assumption	1136	True
2026_all5mer	5mers_A_RNA_sparse_seq_25	1	MATCHED_READ_SITE	explicit	71887	False
2026_all5mer	5mers_A_RNA_sparse_seq_25	1	NON_A_QUERY_BASE	canonical_base_mismatch	404	False
2026_all5mer	5mers_A_RNA_sparse_seq_25	1	NO_QUERY_BASE	alignment_deletion_or_skip	445	False
2026_all5mer	5mers_A_RNA_sparse_seq_26	1	MATCHED_READ_SITE	dot_low_probability_assumption	445	True
2026_all5mer	5mers_A_RNA_sparse_seq_26	1	MATCHED_READ_SITE	explicit	71845	False
2026_all5mer	5mers_A_RNA_sparse_seq_26	1	NON_A_QUERY_BASE	canonical_base_mismatch	459	False
2026_all5mer	5mers_A_RNA_sparse_seq_26	1	NO_QUERY_BASE	alignment_deletion_or_skip	350	False
2026_all5mer	5mers_A_RNA_sparse_seq_27	1	MATCHED_READ_SITE	dot_low_probability_assumption	680	True
2026_all5mer	5mers_A_RNA_sparse_seq_27	1	MATCHED_READ_SITE	explicit	72733	False
2026_all5mer	5mers_A_RNA_sparse_seq_27	1	NON_A_QUERY_BASE	canonical_base_mismatch	528	False
2026_all5mer	5mers_A_RNA_sparse_seq_27	1	NO_QUERY_BASE	alignment_deletion_or_skip	276	False
2026_all5mer	5mers_A_RNA_sparse_seq_28	1	MATCHED_READ_SITE	dot_low_probability_assumption	1640	True
2026_all5mer	5mers_A_RNA_sparse_seq_28	1	MATCHED_READ_SITE	explicit	69357	False
2026_all5mer	5mers_A_RNA_sparse_seq_28	1	NON_A_QUERY_BASE	canonical_base_mismatch	841	False
2026_all5mer	5mers_A_RNA_sparse_seq_28	1	NO_QUERY_BASE	alignment_deletion_or_skip	548	False
2026_all5mer	5mers_A_RNA_sparse_seq_29	1	MATCHED_READ_SITE	dot_low_probability_assumption	329	True
2026_all5mer	5mers_A_RNA_sparse_seq_29	1	MATCHED_READ_SITE	explicit	70555	False
2026_all5mer	5mers_A_RNA_sparse_seq_29	1	NON_A_QUERY_BASE	canonical_base_mismatch	690	False
2026_all5mer	5mers_A_RNA_sparse_seq_29	1	NO_QUERY_BASE	alignment_deletion_or_skip	497	False
2026_all5mer	5mers_A_RNA_sparse_seq_30	1	MATCHED_READ_SITE	dot_low_probability_assumption	572	True
2026_all5mer	5mers_A_RNA_sparse_seq_30	1	MATCHED_READ_SITE	explicit	67464	False
2026_all5mer	5mers_A_RNA_sparse_seq_30	1	NON_A_QUERY_BASE	canonical_base_mismatch	486	False
2026_all5mer	5mers_A_RNA_sparse_seq_30	1	NO_QUERY_BASE	alignment_deletion_or_skip	890	False
2026_all5mer	5mers_A_RNA_sparse_seq_31	1	MATCHED_READ_SITE	dot_low_probability_assumption	874	True
2026_all5mer	5mers_A_RNA_sparse_seq_31	1	MATCHED_READ_SITE	explicit	71628	False
2026_all5mer	5mers_A_RNA_sparse_seq_31	1	NON_A_QUERY_BASE	canonical_base_mismatch	488	False
2026_all5mer	5mers_A_RNA_sparse_seq_31	1	NO_QUERY_BASE	alignment_deletion_or_skip	472	False
2026_all5mer	5mers_A_RNA_sparse_seq_32	1	MATCHED_READ_SITE	dot_low_probability_assumption	543	True
2026_all5mer	5mers_A_RNA_sparse_seq_32	1	MATCHED_READ_SITE	explicit	70001	False
2026_all5mer	5mers_A_RNA_sparse_seq_32	1	NON_A_QUERY_BASE	canonical_base_mismatch	452	False
2026_all5mer	5mers_A_RNA_sparse_seq_32	1	NO_QUERY_BASE	alignment_deletion_or_skip	437	False
