release	policy	threshold	analysis_class	K	weight_definition	missing_construct_class	state	fixed_construct_Brier_equal_class	fixed_construct_risk_equal_class
2025_DRACH	explicit_baseline	0.5	POSTHOC_TARGETED_SUPPLEMENTARY_ANALYSIS	5	1/K construct and 1/2 class within construct		ESTIMABLE	0.07682106139604786	0.09708251401890759
2025_DRACH	symmetric_confidence	0.5	POSTHOC_TARGETED_SUPPLEMENTARY_ANALYSIS	5	1/K construct and 1/2 class within construct		ESTIMABLE	0.07682106139604786	0.09708251401890759
2025_DRACH	symmetric_confidence	0.6	POSTHOC_TARGETED_SUPPLEMENTARY_ANALYSIS	5	1/K construct and 1/2 class within construct		ESTIMABLE	0.06769366129898992	0.07802055800849075
2025_DRACH	symmetric_confidence	0.7	POSTHOC_TARGETED_SUPPLEMENTARY_ANALYSIS	5	1/K construct and 1/2 class within construct		ESTIMABLE	0.05846454812027367	0.06351773905888952
2025_DRACH	symmetric_confidence	0.8	POSTHOC_TARGETED_SUPPLEMENTARY_ANALYSIS	5	1/K construct and 1/2 class within construct		ESTIMABLE	0.05082071575010476	0.05346769314073161
2025_DRACH	symmetric_confidence	0.9	POSTHOC_TARGETED_SUPPLEMENTARY_ANALYSIS	5	1/K construct and 1/2 class within construct		ESTIMABLE	0.0487790840028995	0.0500999703748969
2025_DRACH	symmetric_confidence	0.95	POSTHOC_TARGETED_SUPPLEMENTARY_ANALYSIS	5	1/K construct and 1/2 class within construct		ESTIMABLE	0.10173916614704286	0.10428825305979568
2025_DRACH	symmetric_confidence	0.99	POSTHOC_TARGETED_SUPPLEMENTARY_ANALYSIS	5	1/K construct and 1/2 class within construct		ESTIMABLE	0.16570790972709357	0.16682070197676163
2025_DRACH	one_sided_high_p_reference	0.9	POSTHOC_TARGETED_SUPPLEMENTARY_ANALYSIS	5	1/K construct and 1/2 class within construct		ESTIMABLE	0.466032429558517	0.5
2026_all5mer	explicit_baseline	0.5	POSTHOC_TARGETED_SUPPLEMENTARY_ANALYSIS	32	1/K construct and 1/2 class within construct		ESTIMABLE	0.08256656894613468	0.11196968141891742
2026_all5mer	symmetric_confidence	0.5	POSTHOC_TARGETED_SUPPLEMENTARY_ANALYSIS	32	1/K construct and 1/2 class within construct		ESTIMABLE	0.08256656894613468	0.11196968141891742
2026_all5mer	symmetric_confidence	0.6	POSTHOC_TARGETED_SUPPLEMENTARY_ANALYSIS	32	1/K construct and 1/2 class within construct		ESTIMABLE	0.07058539142067538	0.08743855309363299
2026_all5mer	symmetric_confidence	0.7	POSTHOC_TARGETED_SUPPLEMENTARY_ANALYSIS	32	1/K construct and 1/2 class within construct		ESTIMABLE	0.057637403811549234	0.06653634720435167
2026_all5mer	symmetric_confidence	0.8	POSTHOC_TARGETED_SUPPLEMENTARY_ANALYSIS	32	1/K construct and 1/2 class within construct		ESTIMABLE	0.042805740971454516	0.04653704781002887
2026_all5mer	symmetric_confidence	0.9	POSTHOC_TARGETED_SUPPLEMENTARY_ANALYSIS	32	1/K construct and 1/2 class within construct		ESTIMABLE	0.02739916191242506	0.028451152189810272
2026_all5mer	symmetric_confidence	0.95	POSTHOC_TARGETED_SUPPLEMENTARY_ANALYSIS	32	1/K construct and 1/2 class within construct		ESTIMABLE	0.024490582163256034	0.02534815198841531
2026_all5mer	symmetric_confidence	0.99	POSTHOC_TARGETED_SUPPLEMENTARY_ANALYSIS	32	1/K construct and 1/2 class within construct		ESTIMABLE	0.013723761190289452	0.013874453855411811
2026_all5mer	one_sided_high_p_reference	0.9	POSTHOC_TARGETED_SUPPLEMENTARY_ANALYSIS	32	1/K construct and 1/2 class within construct		ESTIMABLE	0.4489794739183093	0.5
