release	policy	threshold	analysis_class	stratum_scheme	scope	excluded_strata	excluded_baseline_weight	excluded_selected_weight	full_observed_delta	state	baseline_loss	selected_loss	delta	within_loss_component	weight_component	addback_residual
2025_DRACH	symmetric_confidence	0.5	POSTHOC_TARGETED_SUPPLEMENTARY_ANALYSIS	truth_class	FULL_SUPPORT		0.0	0.0	0.0	IDENTIFIED	0.04005012528654932	0.04005012528654932	0.0	0.0	0.0	0.0
2025_DRACH	symmetric_confidence	0.5	POSTHOC_TARGETED_SUPPLEMENTARY_ANALYSIS	construct	FULL_SUPPORT		0.0	0.0	0.0	IDENTIFIED	0.04005012528654932	0.04005012528654932	0.0	0.0	0.0	0.0
2025_DRACH	symmetric_confidence	0.6	POSTHOC_TARGETED_SUPPLEMENTARY_ANALYSIS	truth_class	FULL_SUPPORT		0.0	0.0	-0.006447094536949298	IDENTIFIED	0.04005012528654932	0.03360303074960002	-0.006447094536949298	-0.005827073735767372	-0.0006200208011819348	8.673617379884035e-18
2025_DRACH	symmetric_confidence	0.6	POSTHOC_TARGETED_SUPPLEMENTARY_ANALYSIS	construct	FULL_SUPPORT		0.0	0.0	-0.006447094536949298	IDENTIFIED	0.04005012528654932	0.03360303074960002	-0.006447094536949298	-0.006383117017775433	-6.397751917387171e-05	6.572975670693371e-18
2025_DRACH	symmetric_confidence	0.7	POSTHOC_TARGETED_SUPPLEMENTARY_ANALYSIS	truth_class	FULL_SUPPORT		0.0	0.0	-0.013495347271764484	IDENTIFIED	0.04005012528654932	0.026554778014784834	-0.013495347271764484	-0.012159976264812047	-0.0013353710069524398	2.8189256484623115e-18
2025_DRACH	symmetric_confidence	0.7	POSTHOC_TARGETED_SUPPLEMENTARY_ANALYSIS	construct	FULL_SUPPORT		0.0	0.0	-0.013495347271764484	IDENTIFIED	0.04005012528654932	0.026554778014784834	-0.013495347271764484	-0.013378737704677424	-0.00011660956708705965	-1.0842021724855044e-19
2025_DRACH	symmetric_confidence	0.8	POSTHOC_TARGETED_SUPPLEMENTARY_ANALYSIS	truth_class	FULL_SUPPORT		0.0	0.0	-0.0218431889214162	IDENTIFIED	0.04005012528654932	0.018206936365133118	-0.0218431889214162	-0.019429423693728954	-0.0024137652276872467	8.673617379884035e-19
2025_DRACH	symmetric_confidence	0.8	POSTHOC_TARGETED_SUPPLEMENTARY_ANALYSIS	construct	FULL_SUPPORT		0.0	0.0	-0.0218431889214162	IDENTIFIED	0.04005012528654932	0.018206936365133118	-0.0218431889214162	-0.0216721635683573	-0.000171025353058901	1.1926223897340549e-18
2025_DRACH	symmetric_confidence	0.9	POSTHOC_TARGETED_SUPPLEMENTARY_ANALYSIS	truth_class	FULL_SUPPORT		0.0	0.0	-0.030492837430104253	IDENTIFIED	0.04005012528654932	0.009557287856445067	-0.030492837430104253	-0.025956200860983443	-0.004536636569120811	1.734723475976807e-18
2025_DRACH	symmetric_confidence	0.9	POSTHOC_TARGETED_SUPPLEMENTARY_ANALYSIS	construct	FULL_SUPPORT		0.0	0.0	-0.030492837430104253	IDENTIFIED	0.04005012528654932	0.009557287856445067	-0.030492837430104253	-0.03024499668763229	-0.0002478407424719633	1.734723475976807e-18
2025_DRACH	symmetric_confidence	0.95	POSTHOC_TARGETED_SUPPLEMENTARY_ANALYSIS	truth_class	FULL_SUPPORT		0.0	0.0	-0.03565610705367331	IDENTIFIED	0.04005012528654932	0.004394018232876013	-0.03565610705367331	-0.024484488772084145	-0.011171618281589163	0.0
2025_DRACH	symmetric_confidence	0.95	POSTHOC_TARGETED_SUPPLEMENTARY_ANALYSIS	construct	FULL_SUPPORT		0.0	0.0	-0.03565610705367331	IDENTIFIED	0.04005012528654932	0.004394018232876013	-0.03565610705367331	-0.03532018476460294	-0.000335922289070361	-6.2341624917916505e-18
2025_DRACH	symmetric_confidence	0.99	POSTHOC_TARGETED_SUPPLEMENTARY_ANALYSIS	truth_class	FULL_SUPPORT		0.0	0.0	-0.037834373731859716	IDENTIFIED	0.04005012528654932	0.0022157515546896017	-0.037834373731859716	-0.018724007966105884	-0.019110365765753836	3.469446951953614e-18
2025_DRACH	symmetric_confidence	0.99	POSTHOC_TARGETED_SUPPLEMENTARY_ANALYSIS	construct	FULL_SUPPORT		0.0	0.0	-0.037834373731859716	IDENTIFIED	0.04005012528654932	0.0022157515546896017	-0.037834373731859716	-0.037316539340676705	-0.0005178343911830125	1.1926223897340549e-18
2025_DRACH	one_sided_high_p_reference	0.9	POSTHOC_TARGETED_SUPPLEMENTARY_ANALYSIS	truth_class	FULL_SUPPORT		0.0	0.0	-0.03566440436600787	IDENTIFIED	0.04005012528654932	0.004385720920541454	-0.03566440436600787	0.012273714688196009	-0.04793811905420387	-6.938893903907228e-18
2025_DRACH	one_sided_high_p_reference	0.9	POSTHOC_TARGETED_SUPPLEMENTARY_ANALYSIS	construct	FULL_SUPPORT		0.0	0.0	-0.03566440436600787	IDENTIFIED	0.04005012528654932	0.004385720920541454	-0.03566440436600787	-0.03536693926238943	-0.0002974651036184354	-1.5720931501039814e-18
2026_all5mer	symmetric_confidence	0.5	POSTHOC_TARGETED_SUPPLEMENTARY_ANALYSIS	truth_class	FULL_SUPPORT		0.0	0.0	0.0	IDENTIFIED	0.0757031712401732	0.0757031712401732	0.0	0.0	0.0	0.0
2026_all5mer	symmetric_confidence	0.5	POSTHOC_TARGETED_SUPPLEMENTARY_ANALYSIS	construct	FULL_SUPPORT		0.0	0.0	0.0	IDENTIFIED	0.0757031712401732	0.0757031712401732	0.0	0.0	0.0	0.0
2026_all5mer	symmetric_confidence	0.6	POSTHOC_TARGETED_SUPPLEMENTARY_ANALYSIS	truth_class	FULL_SUPPORT		0.0	0.0	-0.011030578801389301	IDENTIFIED	0.0757031712401732	0.0646725924387839	-0.011030578801389301	-0.01084569643124147	-0.00018488237014782665	-4.933119884809045e-18
2026_all5mer	symmetric_confidence	0.6	POSTHOC_TARGETED_SUPPLEMENTARY_ANALYSIS	construct	FULL_SUPPORT		0.0	0.0	-0.011030578801389301	IDENTIFIED	0.0757031712401732	0.0646725924387839	-0.011030578801389301	-0.010885525016560376	-0.00014505378482892174	-3.2255014631443757e-18
2026_all5mer	symmetric_confidence	0.7	POSTHOC_TARGETED_SUPPLEMENTARY_ANALYSIS	truth_class	FULL_SUPPORT		0.0	0.0	-0.02309670374897404	IDENTIFIED	0.0757031712401732	0.05260646749119916	-0.02309670374897404	-0.0226966290114557	-0.000400074737518329	-9.324138683375338e-18
2026_all5mer	symmetric_confidence	0.7	POSTHOC_TARGETED_SUPPLEMENTARY_ANALYSIS	construct	FULL_SUPPORT		0.0	0.0	-0.02309670374897404	IDENTIFIED	0.0757031712401732	0.05260646749119916	-0.02309670374897404	-0.02280016572044115	-0.00029653802853288623	-4.065758146820642e-18
2026_all5mer	symmetric_confidence	0.8	POSTHOC_TARGETED_SUPPLEMENTARY_ANALYSIS	truth_class	FULL_SUPPORT		0.0	0.0	-0.037699507716432434	IDENTIFIED	0.0757031712401732	0.038003663523740766	-0.037699507716432434	-0.0369324019459332	-0.000767105770499229	-1.951563910473908e-18
2026_all5mer	symmetric_confidence	0.8	POSTHOC_TARGETED_SUPPLEMENTARY_ANALYSIS	construct	FULL_SUPPORT		0.0	0.0	-0.037699507716432434	IDENTIFIED	0.0757031712401732	0.038003663523740766	-0.037699507716432434	-0.037223035363807444	-0.00047647235262498827	-2.0599841277224584e-18
2026_all5mer	symmetric_confidence	0.9	POSTHOC_TARGETED_SUPPLEMENTARY_ANALYSIS	truth_class	FULL_SUPPORT		0.0	0.0	-0.05515566816876169	IDENTIFIED	0.0757031712401732	0.020547503071411514	-0.05515566816876169	-0.053371875576125466	-0.0017837925926362215	-2.6020852139652106e-18
2026_all5mer	symmetric_confidence	0.9	POSTHOC_TARGETED_SUPPLEMENTARY_ANALYSIS	construct	FULL_SUPPORT		0.0	0.0	-0.05515566816876169	IDENTIFIED	0.0757031712401732	0.020547503071411514	-0.05515566816876169	-0.054433938711425	-0.0007217294573366842	-2.4936649967166602e-18
2026_all5mer	symmetric_confidence	0.95	POSTHOC_TARGETED_SUPPLEMENTARY_ANALYSIS	truth_class	FULL_SUPPORT		0.0	0.0	-0.06774102244608163	IDENTIFIED	0.0757031712401732	0.007962148794091574	-0.06774102244608163	-0.0632342539357944	-0.004506768510287209	-1.474514954580286e-17
2026_all5mer	symmetric_confidence	0.95	POSTHOC_TARGETED_SUPPLEMENTARY_ANALYSIS	construct	FULL_SUPPORT		0.0	0.0	-0.06774102244608163	IDENTIFIED	0.0757031712401732	0.007962148794091574	-0.06774102244608163	-0.0667867236368797	-0.0009542988092019285	-5.421010862427522e-18
2026_all5mer	symmetric_confidence	0.99	POSTHOC_TARGETED_SUPPLEMENTARY_ANALYSIS	truth_class	FULL_SUPPORT		0.0	0.0	-0.07365851401467788	IDENTIFIED	0.0757031712401732	0.002044657225495322	-0.07365851401467788	-0.06964904497833015	-0.0040094690363477285	-3.469446951953614e-18
2026_all5mer	symmetric_confidence	0.99	POSTHOC_TARGETED_SUPPLEMENTARY_ANALYSIS	construct	FULL_SUPPORT		0.0	0.0	-0.07365851401467788	IDENTIFIED	0.0757031712401732	0.002044657225495322	-0.07365851401467788	-0.07238305167093141	-0.001275462343746466	-8.673617379884035e-19
2026_all5mer	one_sided_high_p_reference	0.9	POSTHOC_TARGETED_SUPPLEMENTARY_ANALYSIS	truth_class	FULL_SUPPORT		0.0	0.0	-0.06877429002999509	IDENTIFIED	0.0757031712401732	0.006928881210178105	-0.06877429002999509	0.03493462612086514	-0.10370891615086025	2.7755575615628914e-17
2026_all5mer	one_sided_high_p_reference	0.9	POSTHOC_TARGETED_SUPPLEMENTARY_ANALYSIS	construct	FULL_SUPPORT		0.0	0.0	-0.06877429002999509	IDENTIFIED	0.0757031712401732	0.006928881210178105	-0.06877429002999509	-0.06794885176797749	-0.0008254382620176016	1.734723475976807e-18
