release	construct	condition	metric	old	new	match
2025_DRACH	DRACH_oligo_0	canonical	Brier_observed	0.04410918293397754	0.04410918293397754	True
2025_DRACH	DRACH_oligo_0	canonical	Brier_equal_class	0.07987184107518738	0.07987184107518738	True
2025_DRACH	DRACH_oligo_1	canonical	Brier_observed	0.037897060603274246	0.037897060603274246	True
2025_DRACH	DRACH_oligo_1	canonical	Brier_equal_class	0.0727480960577689	0.0727480960577689	True
2025_DRACH	DRACH_oligo_2	canonical	Brier_observed	0.053605071358425724	0.053605071358425724	True
2025_DRACH	DRACH_oligo_2	canonical	Brier_equal_class	0.07933199666837987	0.07933199666837987	True
2025_DRACH	DRACH_oligo_3	canonical	Brier_observed	0.03358804475109395	0.03358804475109395	True
2025_DRACH	DRACH_oligo_3	canonical	Brier_equal_class	0.08566106236224635	0.08566106236224635	True
2025_DRACH	DRACH_oligo_4	canonical	Brier_observed	0.029882100072704566	0.029882100072704566	True
2025_DRACH	DRACH_oligo_4	canonical	Brier_equal_class	0.06649231081665674	0.06649231081665674	True
2025_DRACH	ALL	canonical	Brier_observed	0.04005012528654932	0.04005012528654932	True
2025_DRACH	ALL	canonical	Brier_equal_class	0.07661998851878646	0.07661998851878646	True
2025_DRACH	DRACH_oligo_0	high_p_filter	Brier_observed	0.004210059095215562	0.004210059095215562	True
2025_DRACH	DRACH_oligo_0	high_p_filter	Brier_equal_class	0.47362069453800737	0.47362069453800737	True
2025_DRACH	DRACH_oligo_1	high_p_filter	Brier_observed	0.003640987334006231	0.003640987334006231	True
2025_DRACH	DRACH_oligo_1	high_p_filter	Brier_equal_class	0.4607702556666138	0.4607702556666138	True
2025_DRACH	DRACH_oligo_2	high_p_filter	Brier_observed	0.006039562983331115	0.006039562983331115	True
2025_DRACH	DRACH_oligo_2	high_p_filter	Brier_equal_class	0.460550807908637	0.460550807908637	True
2025_DRACH	DRACH_oligo_3	high_p_filter	Brier_observed	0.00639204462562596	0.00639204462562596	True
2025_DRACH	DRACH_oligo_3	high_p_filter	Brier_equal_class	0.4758929843163117	0.4758929843163117	True
2025_DRACH	DRACH_oligo_4	high_p_filter	Brier_observed	0.0017466013246073403	0.0017466013246073403	True
2025_DRACH	DRACH_oligo_4	high_p_filter	Brier_equal_class	0.4593274053630148	0.4593274053630148	True
2025_DRACH	ALL	high_p_filter	Brier_observed	0.004385720920541454	0.004385720920541454	True
2025_DRACH	ALL	high_p_filter	Brier_equal_class	0.4676391712399541	0.4676391712399541	True
2026_all5mer	5mers_A_RNA_sparse_seq_01	canonical	Brier_observed	0.06671237551002736	0.06671237551002736	True
2026_all5mer	5mers_A_RNA_sparse_seq_01	canonical	Brier_equal_class	0.07204977220395375	0.07204977220395375	True
2026_all5mer	5mers_A_RNA_sparse_seq_02	canonical	Brier_observed	0.08421300525351931	0.08421300525351931	True
2026_all5mer	5mers_A_RNA_sparse_seq_02	canonical	Brier_equal_class	0.08347741255273489	0.08347741255273489	True
2026_all5mer	5mers_A_RNA_sparse_seq_03	canonical	Brier_observed	0.06919242341356674	0.06919242341356674	True
2026_all5mer	5mers_A_RNA_sparse_seq_03	canonical	Brier_equal_class	0.07897125722206608	0.07897125722206608	True
2026_all5mer	5mers_A_RNA_sparse_seq_04	canonical	Brier_observed	0.08506964614606079	0.08506964614606079	True
2026_all5mer	5mers_A_RNA_sparse_seq_04	canonical	Brier_equal_class	0.0968413508729283	0.0968413508729283	True
2026_all5mer	5mers_A_RNA_sparse_seq_05	canonical	Brier_observed	0.06780364807433413	0.06780364807433413	True
2026_all5mer	5mers_A_RNA_sparse_seq_05	canonical	Brier_equal_class	0.0782538289307413	0.0782538289307413	True
2026_all5mer	5mers_A_RNA_sparse_seq_06	canonical	Brier_observed	0.07324667334921126	0.07324667334921126	True
2026_all5mer	5mers_A_RNA_sparse_seq_06	canonical	Brier_equal_class	0.07429697903224919	0.07429697903224919	True
2026_all5mer	5mers_A_RNA_sparse_seq_07	canonical	Brier_observed	0.08498439143095787	0.08498439143095787	True
2026_all5mer	5mers_A_RNA_sparse_seq_07	canonical	Brier_equal_class	0.08842808010889677	0.08842808010889677	True
2026_all5mer	5mers_A_RNA_sparse_seq_08	canonical	Brier_observed	0.06816524129380493	0.06816524129380493	True
2026_all5mer	5mers_A_RNA_sparse_seq_08	canonical	Brier_equal_class	0.08030332599905335	0.08030332599905335	True
2026_all5mer	5mers_A_RNA_sparse_seq_09	canonical	Brier_observed	0.07874945219388182	0.07874945219388182	True
2026_all5mer	5mers_A_RNA_sparse_seq_09	canonical	Brier_equal_class	0.07623726540659534	0.07623726540659534	True
2026_all5mer	5mers_A_RNA_sparse_seq_10	canonical	Brier_observed	0.05799240116281296	0.05799240116281296	True
2026_all5mer	5mers_A_RNA_sparse_seq_10	canonical	Brier_equal_class	0.07281684477388378	0.07281684477388378	True
2026_all5mer	5mers_A_RNA_sparse_seq_11	canonical	Brier_observed	0.0662257756724237	0.0662257756724237	True
2026_all5mer	5mers_A_RNA_sparse_seq_11	canonical	Brier_equal_class	0.07336848986793523	0.07336848986793523	True
2026_all5mer	5mers_A_RNA_sparse_seq_12	canonical	Brier_observed	0.07672322791237439	0.07672322791237439	True
2026_all5mer	5mers_A_RNA_sparse_seq_12	canonical	Brier_equal_class	0.09018749178935015	0.09018749178935015	True
2026_all5mer	5mers_A_RNA_sparse_seq_13	canonical	Brier_observed	0.06353681331982945	0.06353681331982945	True
2026_all5mer	5mers_A_RNA_sparse_seq_13	canonical	Brier_equal_class	0.07758780652237435	0.07758780652237435	True
2026_all5mer	5mers_A_RNA_sparse_seq_14	canonical	Brier_observed	0.06573144830471893	0.06573144830471893	True
2026_all5mer	5mers_A_RNA_sparse_seq_14	canonical	Brier_equal_class	0.07189401270090562	0.07189401270090562	True
2026_all5mer	5mers_A_RNA_sparse_seq_15	canonical	Brier_observed	0.10294708203187071	0.10294708203187071	True
2026_all5mer	5mers_A_RNA_sparse_seq_15	canonical	Brier_equal_class	0.10574429034442492	0.10574429034442492	True
2026_all5mer	5mers_A_RNA_sparse_seq_16	canonical	Brier_observed	0.0831987634386053	0.0831987634386053	True
2026_all5mer	5mers_A_RNA_sparse_seq_16	canonical	Brier_equal_class	0.08596917207424153	0.08596917207424153	True
2026_all5mer	5mers_A_RNA_sparse_seq_17	canonical	Brier_observed	0.056774268131467055	0.056774268131467055	True
2026_all5mer	5mers_A_RNA_sparse_seq_17	canonical	Brier_equal_class	0.06305421028850565	0.06305421028850565	True
2026_all5mer	5mers_A_RNA_sparse_seq_18	canonical	Brier_observed	0.06213616686646938	0.06213616686646938	True
2026_all5mer	5mers_A_RNA_sparse_seq_18	canonical	Brier_equal_class	0.07757224760024836	0.07757224760024836	True
2026_all5mer	5mers_A_RNA_sparse_seq_19	canonical	Brier_observed	0.06734286186741736	0.06734286186741736	True
2026_all5mer	5mers_A_RNA_sparse_seq_19	canonical	Brier_equal_class	0.07424334873974942	0.07424334873974942	True
2026_all5mer	5mers_A_RNA_sparse_seq_20	canonical	Brier_observed	0.09497087977517957	0.09497087977517957	True
2026_all5mer	5mers_A_RNA_sparse_seq_20	canonical	Brier_equal_class	0.10719555117913396	0.10719555117913396	True
2026_all5mer	5mers_A_RNA_sparse_seq_21	canonical	Brier_observed	0.06480028923461428	0.06480028923461428	True
2026_all5mer	5mers_A_RNA_sparse_seq_21	canonical	Brier_equal_class	0.0749708768956127	0.0749708768956127	True
2026_all5mer	5mers_A_RNA_sparse_seq_22	canonical	Brier_observed	0.10968124210135154	0.10968124210135154	True
2026_all5mer	5mers_A_RNA_sparse_seq_22	canonical	Brier_equal_class	0.11145098221880376	0.11145098221880376	True
2026_all5mer	5mers_A_RNA_sparse_seq_23	canonical	Brier_observed	0.08922571495205546	0.08922571495205546	True
2026_all5mer	5mers_A_RNA_sparse_seq_23	canonical	Brier_equal_class	0.09771377904427941	0.09771377904427941	True
2026_all5mer	5mers_A_RNA_sparse_seq_24	canonical	Brier_observed	0.07715067808700052	0.07715067808700052	True
2026_all5mer	5mers_A_RNA_sparse_seq_24	canonical	Brier_equal_class	0.09119513293347811	0.09119513293347811	True
2026_all5mer	5mers_A_RNA_sparse_seq_25	canonical	Brier_observed	0.0897567800200125	0.0897567800200125	True
2026_all5mer	5mers_A_RNA_sparse_seq_25	canonical	Brier_equal_class	0.09257872992119323	0.09257872992119323	True
2026_all5mer	5mers_A_RNA_sparse_seq_26	canonical	Brier_observed	0.07511904490901507	0.07511904490901507	True
2026_all5mer	5mers_A_RNA_sparse_seq_26	canonical	Brier_equal_class	0.07934003215480018	0.07934003215480018	True
2026_all5mer	5mers_A_RNA_sparse_seq_27	canonical	Brier_observed	0.06464484887125826	0.06464484887125826	True
2026_all5mer	5mers_A_RNA_sparse_seq_27	canonical	Brier_equal_class	0.0737214940400477	0.0737214940400477	True
2026_all5mer	5mers_A_RNA_sparse_seq_28	canonical	Brier_observed	0.07273288584349066	0.07273288584349066	True
2026_all5mer	5mers_A_RNA_sparse_seq_28	canonical	Brier_equal_class	0.07025957949959706	0.07025957949959706	True
2026_all5mer	5mers_A_RNA_sparse_seq_29	canonical	Brier_observed	0.05427316310577389	0.05427316310577389	True
2026_all5mer	5mers_A_RNA_sparse_seq_29	canonical	Brier_equal_class	0.07292488482487276	0.07292488482487276	True
2026_all5mer	5mers_A_RNA_sparse_seq_30	canonical	Brier_observed	0.08786580990617272	0.08786580990617272	True
2026_all5mer	5mers_A_RNA_sparse_seq_30	canonical	Brier_equal_class	0.08191441122465268	0.08191441122465268	True
2026_all5mer	5mers_A_RNA_sparse_seq_31	canonical	Brier_observed	0.0572885766092626	0.0572885766092626	True
2026_all5mer	5mers_A_RNA_sparse_seq_31	canonical	Brier_equal_class	0.07046675267865654	0.07046675267865654	True
2026_all5mer	5mers_A_RNA_sparse_seq_32	canonical	Brier_observed	0.09149417520802787	0.09149417520802787	True
2026_all5mer	5mers_A_RNA_sparse_seq_32	canonical	Brier_equal_class	0.09710081263034365	0.09710081263034365	True
2026_all5mer	ALL	canonical	Brier_observed	0.0757031712401732	0.0757031712401732	True
2026_all5mer	ALL	canonical	Brier_equal_class	0.08307512057610737	0.08307512057610737	True
2026_all5mer	5mers_A_RNA_sparse_seq_01	high_p_filter	Brier_observed	0.006920838281801104	0.006920838281801104	True
2026_all5mer	5mers_A_RNA_sparse_seq_01	high_p_filter	Brier_equal_class	0.45213020386084163	0.45213020386084163	True
2026_all5mer	5mers_A_RNA_sparse_seq_02	high_p_filter	Brier_observed	0.006208840989929406	0.006208840989929406	True
2026_all5mer	5mers_A_RNA_sparse_seq_02	high_p_filter	Brier_equal_class	0.4491374131138308	0.4491374131138308	True
2026_all5mer	5mers_A_RNA_sparse_seq_03	high_p_filter	Brier_observed	0.0060481192580804175	0.0060481192580804175	True
2026_all5mer	5mers_A_RNA_sparse_seq_03	high_p_filter	Brier_equal_class	0.44769267473452456	0.44769267473452456	True
2026_all5mer	5mers_A_RNA_sparse_seq_04	high_p_filter	Brier_observed	0.012290695690992885	0.012290695690992885	True
2026_all5mer	5mers_A_RNA_sparse_seq_04	high_p_filter	Brier_equal_class	0.4526494369338456	0.4526494369338456	True
2026_all5mer	5mers_A_RNA_sparse_seq_05	high_p_filter	Brier_observed	0.006374420045580113	0.006374420045580113	True
2026_all5mer	5mers_A_RNA_sparse_seq_05	high_p_filter	Brier_equal_class	0.4471850883191061	0.4471850883191061	True
2026_all5mer	5mers_A_RNA_sparse_seq_06	high_p_filter	Brier_observed	0.005226808111945108	0.005226808111945108	True
2026_all5mer	5mers_A_RNA_sparse_seq_06	high_p_filter	Brier_equal_class	0.44606993135122686	0.44606993135122686	True
2026_all5mer	5mers_A_RNA_sparse_seq_07	high_p_filter	Brier_observed	0.005703609245867769	0.005703609245867769	True
2026_all5mer	5mers_A_RNA_sparse_seq_07	high_p_filter	Brier_equal_class	0.4493597278797904	0.4493597278797904	True
2026_all5mer	5mers_A_RNA_sparse_seq_08	high_p_filter	Brier_observed	0.0050384281977844825	0.0050384281977844825	True
2026_all5mer	5mers_A_RNA_sparse_seq_08	high_p_filter	Brier_equal_class	0.447686305833992	0.447686305833992	True
2026_all5mer	5mers_A_RNA_sparse_seq_09	high_p_filter	Brier_observed	0.004790147931670891	0.004790147931670891	True
2026_all5mer	5mers_A_RNA_sparse_seq_09	high_p_filter	Brier_equal_class	0.4501601780377857	0.4501601780377857	True
2026_all5mer	5mers_A_RNA_sparse_seq_10	high_p_filter	Brier_observed	0.00426827537873923	0.00426827537873923	True
2026_all5mer	5mers_A_RNA_sparse_seq_10	high_p_filter	Brier_equal_class	0.45294478130483473	0.45294478130483473	True
2026_all5mer	5mers_A_RNA_sparse_seq_11	high_p_filter	Brier_observed	0.006570917866176998	0.006570917866176998	True
2026_all5mer	5mers_A_RNA_sparse_seq_11	high_p_filter	Brier_equal_class	0.4477421853496666	0.4477421853496666	True
2026_all5mer	5mers_A_RNA_sparse_seq_12	high_p_filter	Brier_observed	0.00880082703660504	0.00880082703660504	True
2026_all5mer	5mers_A_RNA_sparse_seq_12	high_p_filter	Brier_equal_class	0.451383297650192	0.451383297650192	True
2026_all5mer	5mers_A_RNA_sparse_seq_13	high_p_filter	Brier_observed	0.0054942871779538275	0.0054942871779538275	True
2026_all5mer	5mers_A_RNA_sparse_seq_13	high_p_filter	Brier_equal_class	0.4501769917849174	0.4501769917849174	True
2026_all5mer	5mers_A_RNA_sparse_seq_14	high_p_filter	Brier_observed	0.005438479982760336	0.005438479982760336	True
2026_all5mer	5mers_A_RNA_sparse_seq_14	high_p_filter	Brier_equal_class	0.4483390359725441	0.4483390359725441	True
2026_all5mer	5mers_A_RNA_sparse_seq_15	high_p_filter	Brier_observed	0.010137869474338472	0.010137869474338472	True
2026_all5mer	5mers_A_RNA_sparse_seq_15	high_p_filter	Brier_equal_class	0.44508952589961986	0.44508952589961986	True
2026_all5mer	5mers_A_RNA_sparse_seq_16	high_p_filter	Brier_observed	0.008203833708730018	0.008203833708730018	True
2026_all5mer	5mers_A_RNA_sparse_seq_16	high_p_filter	Brier_equal_class	0.4465454551842985	0.4465454551842985	True
2026_all5mer	5mers_A_RNA_sparse_seq_17	high_p_filter	Brier_observed	0.005649751450926358	0.005649751450926358	True
2026_all5mer	5mers_A_RNA_sparse_seq_17	high_p_filter	Brier_equal_class	0.4519511789693471	0.4519511789693471	True
2026_all5mer	5mers_A_RNA_sparse_seq_18	high_p_filter	Brier_observed	0.006538488562837405	0.006538488562837405	True
2026_all5mer	5mers_A_RNA_sparse_seq_18	high_p_filter	Brier_equal_class	0.4482284500620015	0.4482284500620015	True
2026_all5mer	5mers_A_RNA_sparse_seq_19	high_p_filter	Brier_observed	0.0034918081360171688	0.0034918081360171688	True
2026_all5mer	5mers_A_RNA_sparse_seq_19	high_p_filter	Brier_equal_class	0.4488228834436948	0.4488228834436948	True
2026_all5mer	5mers_A_RNA_sparse_seq_20	high_p_filter	Brier_observed	0.018558311692973017	0.018558311692973017	True
2026_all5mer	5mers_A_RNA_sparse_seq_20	high_p_filter	Brier_equal_class	0.4523010528770665	0.4523010528770665	True
2026_all5mer	5mers_A_RNA_sparse_seq_21	high_p_filter	Brier_observed	0.005943073599185965	0.005943073599185965	True
2026_all5mer	5mers_A_RNA_sparse_seq_21	high_p_filter	Brier_equal_class	0.4489599194893181	0.4489599194893181	True
2026_all5mer	5mers_A_RNA_sparse_seq_22	high_p_filter	Brier_observed	0.014324454236008312	0.014324454236008312	True
2026_all5mer	5mers_A_RNA_sparse_seq_22	high_p_filter	Brier_equal_class	0.4481505627337633	0.4481505627337633	True
2026_all5mer	5mers_A_RNA_sparse_seq_23	high_p_filter	Brier_observed	0.009381008810864884	0.009381008810864884	True
2026_all5mer	5mers_A_RNA_sparse_seq_23	high_p_filter	Brier_equal_class	0.4490537611768286	0.4490537611768286	True
2026_all5mer	5mers_A_RNA_sparse_seq_24	high_p_filter	Brier_observed	0.009728030828893878	0.009728030828893878	True
2026_all5mer	5mers_A_RNA_sparse_seq_24	high_p_filter	Brier_equal_class	0.44729986829488777	0.44729986829488777	True
2026_all5mer	5mers_A_RNA_sparse_seq_25	high_p_filter	Brier_observed	0.0063022353660524754	0.0063022353660524754	True
2026_all5mer	5mers_A_RNA_sparse_seq_25	high_p_filter	Brier_equal_class	0.4443489579312274	0.4443489579312274	True
2026_all5mer	5mers_A_RNA_sparse_seq_26	high_p_filter	Brier_observed	0.005034521672526745	0.005034521672526745	True
2026_all5mer	5mers_A_RNA_sparse_seq_26	high_p_filter	Brier_equal_class	0.4478920183607036	0.4478920183607036	True
2026_all5mer	5mers_A_RNA_sparse_seq_27	high_p_filter	Brier_observed	0.004799620028994674	0.004799620028994674	True
2026_all5mer	5mers_A_RNA_sparse_seq_27	high_p_filter	Brier_equal_class	0.45099296222934937	0.45099296222934937	True
2026_all5mer	5mers_A_RNA_sparse_seq_28	high_p_filter	Brier_observed	0.0029045882498382764	0.0029045882498382764	True
2026_all5mer	5mers_A_RNA_sparse_seq_28	high_p_filter	Brier_equal_class	0.4510585498034508	0.4510585498034508	True
2026_all5mer	5mers_A_RNA_sparse_seq_29	high_p_filter	Brier_observed	0.005461095686300128	0.005461095686300128	True
2026_all5mer	5mers_A_RNA_sparse_seq_29	high_p_filter	Brier_equal_class	0.44869339202420205	0.44869339202420205	True
2026_all5mer	5mers_A_RNA_sparse_seq_30	high_p_filter	Brier_observed	0.0058501820160952525	0.0058501820160952525	True
2026_all5mer	5mers_A_RNA_sparse_seq_30	high_p_filter	Brier_equal_class	0.4488034239756518	0.4488034239756518	True
2026_all5mer	5mers_A_RNA_sparse_seq_31	high_p_filter	Brier_observed	0.0036763417902126176	0.0036763417902126176	True
2026_all5mer	5mers_A_RNA_sparse_seq_31	high_p_filter	Brier_equal_class	0.44784255890177327	0.44784255890177327	True
2026_all5mer	5mers_A_RNA_sparse_seq_32	high_p_filter	Brier_observed	0.010990130957724139	0.010990130957724139	True
2026_all5mer	5mers_A_RNA_sparse_seq_32	high_p_filter	Brier_equal_class	0.4486513919016136	0.4486513919016136	True
2026_all5mer	ALL	high_p_filter	Brier_observed	0.006928881210178105	0.006928881210178105	True
2026_all5mer	ALL	high_p_filter	Brier_equal_class	0.4491116893582677	0.4491116893582677	True
