release	construct	explicit_records	site_groups	mixed_label_groups	read_Brier	repeated_site_mean_Brier	population_within_site_variance	identity_residual	state
2025_DRACH	DRACH_oligo_0	42504	8	0	0.04410918293397754	0.010634493966116558	0.033474688967860974	0.0	VERIFIED_UNIFORM_LABEL_IDENTITY
2025_DRACH	DRACH_oligo_1	41946	8	0	0.037897060603274246	0.008214978915124252	0.029682081688149994	0.0	VERIFIED_UNIFORM_LABEL_IDENTITY
2025_DRACH	DRACH_oligo_2	45197	8	0	0.053605071358425724	0.016295263594940074	0.03730980776348566	0.0	VERIFIED_UNIFORM_LABEL_IDENTITY
2025_DRACH	DRACH_oligo_3	42219	8	0	0.03358804475109395	0.008941469762242926	0.024646574988851023	0.0	VERIFIED_UNIFORM_LABEL_IDENTITY
2025_DRACH	DRACH_oligo_4	41506	8	0	0.029882100072704566	0.006237786077425028	0.023644313995279543	0.0	VERIFIED_UNIFORM_LABEL_IDENTITY
2025_DRACH	ALL	213372	40	0	0.04005012528654932	0.01016767207802272	0.0298824532085266	4.2624838393647164e-18	VERIFIED_UNIFORM_LABEL_IDENTITY
2026_all5mer	5mers_A_RNA_sparse_seq_01	94025	16	0	0.06671237551002736	0.0245588565803234	0.042153518929703954	4.836451485099326e-18	VERIFIED_UNIFORM_LABEL_IDENTITY
2026_all5mer	5mers_A_RNA_sparse_seq_02	93130	16	0	0.08421300525351931	0.03466490475642502	0.0495481004970943	0.0	VERIFIED_UNIFORM_LABEL_IDENTITY
2026_all5mer	5mers_A_RNA_sparse_seq_03	91400	16	0	0.06919242341356674	0.02503944676111252	0.04415297665245421	9.950707896859171e-18	VERIFIED_UNIFORM_LABEL_IDENTITY
2026_all5mer	5mers_A_RNA_sparse_seq_04	91581	16	0	0.08506964614606079	0.034171303872834416	0.05089834227322637	0.0	VERIFIED_UNIFORM_LABEL_IDENTITY
2026_all5mer	5mers_A_RNA_sparse_seq_05	94407	16	0	0.06780364807433413	0.025700252383711666	0.04210339569062247	-4.816881702484605e-18	VERIFIED_UNIFORM_LABEL_IDENTITY
2026_all5mer	5mers_A_RNA_sparse_seq_06	93851	16	0	0.07324667334921126	0.024210456678687035	0.04903621667052423	9.690836557659783e-18	VERIFIED_UNIFORM_LABEL_IDENTITY
2026_all5mer	5mers_A_RNA_sparse_seq_07	88910	16	0	0.08498439143095787	0.03449710306727945	0.050487288363678426	0.0	VERIFIED_UNIFORM_LABEL_IDENTITY
2026_all5mer	5mers_A_RNA_sparse_seq_08	88099	16	0	0.06816524129380493	0.02659555508609164	0.04156968620771329	-1.0323553068399508e-17	VERIFIED_UNIFORM_LABEL_IDENTITY
2026_all5mer	5mers_A_RNA_sparse_seq_09	91313	16	0	0.07874945219388182	0.029252019443746603	0.04949743275013523	0.0	VERIFIED_UNIFORM_LABEL_IDENTITY
2026_all5mer	5mers_A_RNA_sparse_seq_10	84417	16	0	0.05799240116281296	0.01975998319440277	0.03823241796841019	5.386916745281923e-18	VERIFIED_UNIFORM_LABEL_IDENTITY
2026_all5mer	5mers_A_RNA_sparse_seq_11	95068	16	0	0.0662257756724237	0.023243829447001343	0.04298194622542236	0.0	VERIFIED_UNIFORM_LABEL_IDENTITY
2026_all5mer	5mers_A_RNA_sparse_seq_12	93036	16	0	0.07672322791237439	0.030066647148240564	0.04665658076413384	-9.775728769217595e-18	VERIFIED_UNIFORM_LABEL_IDENTITY
2026_all5mer	5mers_A_RNA_sparse_seq_13	87073	16	0	0.06353681331982945	0.021275004250172203	0.04226180906965725	0.0	VERIFIED_UNIFORM_LABEL_IDENTITY
2026_all5mer	5mers_A_RNA_sparse_seq_14	91903	16	0	0.06573144830471893	0.024390990225905712	0.04134045807881323	-9.896246061313866e-18	VERIFIED_UNIFORM_LABEL_IDENTITY
2026_all5mer	5mers_A_RNA_sparse_seq_15	97937	16	0	0.10294708203187071	0.04578364553455097	0.05716343649731974	0.0	VERIFIED_UNIFORM_LABEL_IDENTITY
2026_all5mer	5mers_A_RNA_sparse_seq_16	96570	16	0	0.0831987634386053	0.034182466314717705	0.04901629712388758	9.417983864273876e-18	VERIFIED_UNIFORM_LABEL_IDENTITY
2026_all5mer	5mers_A_RNA_sparse_seq_17	86709	16	0	0.056774268131467055	0.017764677262469792	0.03900959086899727	0.0	VERIFIED_UNIFORM_LABEL_IDENTITY
2026_all5mer	5mers_A_RNA_sparse_seq_18	91156	16	0	0.06213616686646938	0.020935372356798494	0.041200794509670895	-4.988671627610515e-18	VERIFIED_UNIFORM_LABEL_IDENTITY
2026_all5mer	5mers_A_RNA_sparse_seq_19	83789	16	0	0.06734286186741736	0.0274518649596989	0.039890996907718454	5.4272917791889645e-18	VERIFIED_UNIFORM_LABEL_IDENTITY
2026_all5mer	5mers_A_RNA_sparse_seq_20	99940	16	0	0.09497087977517957	0.04104318516229184	0.05392769461288773	-9.100407262086534e-18	VERIFIED_UNIFORM_LABEL_IDENTITY
2026_all5mer	5mers_A_RNA_sparse_seq_21	90299	16	0	0.06480028923461428	0.020887845271919215	0.04391244396269507	-5.0360175736881265e-18	VERIFIED_UNIFORM_LABEL_IDENTITY
2026_all5mer	5mers_A_RNA_sparse_seq_22	95371	16	0	0.10968124210135154	0.05207470043312231	0.057606541668229226	9.536386341476217e-18	VERIFIED_UNIFORM_LABEL_IDENTITY
2026_all5mer	5mers_A_RNA_sparse_seq_23	93303	16	0	0.08922571495205546	0.03748136140174361	0.05174435355031184	9.747754110510148e-18	VERIFIED_UNIFORM_LABEL_IDENTITY
2026_all5mer	5mers_A_RNA_sparse_seq_24	98390	16	0	0.07715067808700052	0.03243517645216146	0.04471550163483905	0.0	VERIFIED_UNIFORM_LABEL_IDENTITY
2026_all5mer	5mers_A_RNA_sparse_seq_25	93771	16	0	0.0897567800200125	0.041334022662418	0.04842275735759449	0.0	VERIFIED_UNIFORM_LABEL_IDENTITY
2026_all5mer	5mers_A_RNA_sparse_seq_26	93651	16	0	0.07511904490901507	0.02885239447006701	0.04626665043894805	9.711532196911172e-18	VERIFIED_UNIFORM_LABEL_IDENTITY
2026_all5mer	5mers_A_RNA_sparse_seq_27	91228	16	0	0.06464484887125826	0.019433416165508907	0.045211432705749365	-9.969468822871576e-18	VERIFIED_UNIFORM_LABEL_IDENTITY
2026_all5mer	5mers_A_RNA_sparse_seq_28	86760	16	0	0.07273288584349066	0.02873889135757533	0.043993994485915344	-1.0482880380047582e-17	VERIFIED_UNIFORM_LABEL_IDENTITY
2026_all5mer	5mers_A_RNA_sparse_seq_29	86474	16	0	0.05427316310577389	0.017892461237963304	0.03638070186781058	5.258775480334715e-18	VERIFIED_UNIFORM_LABEL_IDENTITY
2026_all5mer	5mers_A_RNA_sparse_seq_30	92727	16	0	0.08786580990617272	0.03723986539187659	0.05062594451429614	-9.808305043546413e-18	VERIFIED_UNIFORM_LABEL_IDENTITY
2026_all5mer	5mers_A_RNA_sparse_seq_31	86899	16	0	0.0572885766092626	0.01761160428213748	0.039676972327125117	0.0	VERIFIED_UNIFORM_LABEL_IDENTITY
2026_all5mer	5mers_A_RNA_sparse_seq_32	97135	16	0	0.09149417520802787	0.039282988123964406	0.05221118708406347	-9.363202777298896e-18	VERIFIED_UNIFORM_LABEL_IDENTITY
2026_all5mer	ALL	2940322	512	0	0.0757031712401732	0.02954503622821667	0.04615813501195651	1.9796355947908905e-17	VERIFIED_UNIFORM_LABEL_IDENTITY
