release	subset	condition	construct	analysis_class	evidence_class	truth_unit	metric_unit	opportunities	eligible	native_explicit	retained_records	opportunities_control	opportunities_modified	eligible_control	eligible_modified	explicit_control	explicit_modified	retained_control	retained_modified	scored	scored_control	scored_modified	Brier_control	Brier_modified	Brier_observed	Brier_equal_class	log_loss	log_loss_control	log_loss_modified	balanced_accuracy	FPR	TP	TN	FP	FN	native_interval_points	Brier_interval_infimum	Brier_interval_supremum	log_loss_interval_infimum	log_loss_interval_supremum	conditional_scope	explicit_coverage_0	explicit_coverage_1
2025_DRACH	full	canonical	ALL	POSTHOC_ROBUSTNESS_ANALYSIS	OBSERVED_NATIVE_INPUT	provider_construct_condition	read_site	393828	389127	213372	393828	197563	196265	195537	193590	20877	192495	197563	196265	213372	20877	192495	0.12208715896471231	0.03115281807286061	0.04005012528654932	0.07661998851878646	0.13151708050783012	0.4484841698167955	0.09714048930544425	0.9026438165594005	0.1475786750969967	183422	17796	3081	9073	213372	0.03974858706582485	0.04035929290180504	0.1281202937408935	INFINITE	eligible explicit probability subset	0.10567262088548969	0.9807912770998395
2025_DRACH	full	high_p_filter	ALL	POSTHOC_ROBUSTNESS_ANALYSIS	CONTROLLED_ERROR_INJECTION	provider_construct_condition	read_site	393828	389127	213372	170214	197563	196265	195537	193590	20877	192495	742	169472	170214	742	169472	0.9349669896046107	0.00031135287529752336	0.004385720920541454	0.4676391712399541	0.026348031921533413	4.185880234476164	0.008136333857572784	0.5	1.0	169472	0	742	0	170214	0.004342068550902054	0.004437002684712104	0.023282973037689975	INFINITE	selected p>=0.9 subset; whole-population claim invalid	0.10567262088548969	0.9807912770998395
2025_DRACH	full	missing_zero	ALL	POSTHOC_ROBUSTNESS_ANALYSIS	CONTROLLED_ERROR_INJECTION	provider_construct_condition	read_site	393828	389127	213372	393828	197563	196265	195537	193590	20877	192495	197563	196265	389127	195537	193590	0.013034942837960585	0.036632892788549525	0.02477488154931835	0.024833917813255054	INFINITE	0.0478835412902174	INFINITE	0.9658600085675525	0.015756608723668665	183422	192456	3081	10168	213372					invalid probability: missing replaced by zero	0.10567262088548969	0.9807912770998395
2025_DRACH	full	site_mean_as_read	ALL	POSTHOC_ROBUSTNESS_ANALYSIS	CONTROLLED_ERROR_INJECTION	provider_construct_condition	read_site	393828	389127	213372	393828	197563	196265	195537	193590	20877	192495	197563	196265	213372	20877	192495	0.06509199804925263	0.0042108672087982375	0.01016767207802272	0.03465143262902543	0.08407232716186869	0.2916380540854969	0.06156083501410076	1.0	0.0	192495	20877	0	0	0					invalid unit: repeated site means	0.10567262088548969	0.9807912770998395
2025_DRACH	original_first100	canonical	ALL	POSTHOC_ROBUSTNESS_ANALYSIS	OBSERVED_NATIVE_INPUT	provider_construct_condition	read_site	3957	3909	2332	3957	1978	1979	1957	1952	389	1943	1978	1979	2332	389	1943	0.08808821455065573	0.07067409128610215	0.07357893431779655	0.07938115291837894	0.21659751617016468	0.3268645436312642	0.1945214103120238	0.9030207970871642	0.06940874035989718	1701	362	27	242	2332	0.07305994573629128	0.07410555229383309	0.2136674255742453	0.21955688128380801	eligible explicit probability subset	0.19666329625884732	0.9818089944416372
2025_DRACH	original_first100	high_p_filter	ALL	POSTHOC_ROBUSTNESS_ANALYSIS	CONTROLLED_ERROR_INJECTION	provider_construct_condition	read_site	3957	3909	2332	1585	1978	1979	1957	1952	389	1943	3	1582	1585	3	1582	0.9077898661295573	0.0003385242409109316	0.00205609775868124	0.4540641951852341	0.014585986236148067	3.2599094866962166	0.008431769737171956	0.5	1.0	1582	0	3	0	1585	0.0020206872597101737	0.0020991376521835568	0.012499642311219401	0.016690385869838974	selected p>=0.9 subset; whole-population claim invalid	0.19666329625884732	0.9818089944416372
2025_DRACH	original_first100	missing_zero	ALL	POSTHOC_ROBUSTNESS_ANALYSIS	CONTROLLED_ERROR_INJECTION	provider_construct_condition	read_site	3957	3909	2332	3957	1978	1979	1957	1952	389	1943	1978	1979	3909	1957	1952	0.0175096144405749	0.07495889311931173	0.04619751210772616	0.046234253779943314	INFINITE	0.0649720528730515	INFINITE	0.9288086534675859	0.013796627491057742	1701	1930	27	251	2332					invalid probability: missing replaced by zero	0.19666329625884732	0.9818089944416372
2025_DRACH	original_first100	site_mean_as_read	ALL	POSTHOC_ROBUSTNESS_ANALYSIS	CONTROLLED_ERROR_INJECTION	provider_construct_condition	read_site	3957	3909	2332	3957	1978	1979	1957	1952	389	1943	1978	1979	2332	389	1943	0.06263842501475986	0.02072915217266758	0.0277200214417816	0.041683788593713716	0.15063576064615558	0.28455250128859955	0.12382484345114234	1.0	0.0	1943	389	0	0	0					invalid unit: repeated site means	0.19666329625884732	0.9818089944416372
2025_DRACH	seed_101	canonical	ALL	POSTHOC_ROBUSTNESS_ANALYSIS	OBSERVED_NATIVE_INPUT	provider_construct_condition	read_site	3940	3891	2164	3940	1968	1972	1945	1946	227	1937	1968	1972	2164	227	1937	0.17344354637919018	0.029270156364066734	0.04439370513182691	0.10135685137162846	0.15469558712450576	0.6814460186383267	0.09296489638953552	0.8703874696098921	0.21585903083700442	1853	178	49	84	2164	0.0440749981046384	0.044720041553546676	0.14945712822964327	INFINITE	eligible explicit probability subset	0.11534552845528455	0.9822515212981744
2025_DRACH	seed_101	high_p_filter	ALL	POSTHOC_ROBUSTNESS_ANALYSIS	CONTROLLED_ERROR_INJECTION	provider_construct_condition	read_site	3940	3891	2164	1719	1968	1972	1945	1946	227	1937	16	1703	1719	16	1703	0.9660320281982422	0.0002691724758181793	0.009258239195747664	0.48315060033703017	0.052841462707882	4.875944699780394	0.007527515677253584	0.5	1.0	1703	0	16	0	1719	0.009197738851621583	0.009326368934404996	0.04747041397264785	INFINITE	selected p>=0.9 subset; whole-population claim invalid	0.11534552845528455	0.9822515212981744
2025_DRACH	seed_101	missing_zero	ALL	POSTHOC_ROBUSTNESS_ANALYSIS	CONTROLLED_ERROR_INJECTION	provider_construct_condition	read_site	3940	3891	2164	3940	1968	1972	1945	1946	227	1937	1968	1972	3891	1945	1946	0.020242511582558444	0.03375965718252686	0.027002821358332933	0.027001084382542652	INFINITE	0.07953123199532142	INFINITE	0.9635084293930996	0.02519280205655527	1853	1896	49	93	2164					invalid probability: missing replaced by zero	0.11534552845528455	0.9822515212981744
2025_DRACH	seed_101	site_mean_as_read	ALL	POSTHOC_ROBUSTNESS_ANALYSIS	CONTROLLED_ERROR_INJECTION	provider_construct_condition	read_site	3940	3891	2164	3940	1968	1972	1945	1946	227	1937	1968	1972	2164	227	1937	0.09542184256080687	0.003916328819126197	0.013515104983341313	0.04966908568996653	0.09096363571301802	0.3622359645467273	0.05917281555542793	1.0	0.0	1937	227	0	0	0					invalid unit: repeated site means	0.11534552845528455	0.9822515212981744
2025_DRACH	seed_11	canonical	ALL	POSTHOC_ROBUSTNESS_ANALYSIS	OBSERVED_NATIVE_INPUT	provider_construct_condition	read_site	3934	3880	2142	3934	1972	1962	1942	1938	212	1930	1972	1962	2142	212	1930	0.12056854535948555	0.033436627956252025	0.042060328464882044	0.07700258665786879	0.13129939631201204	0.39479280679642975	0.10235607868367187	0.8983624987779841	0.1509433962264151	1829	180	32	101	2142	0.04175014121859681	0.04237814510569853	0.12869136936813477	0.13392973579028175	eligible explicit probability subset	0.1075050709939148	0.9836901121304791
2025_DRACH	seed_11	high_p_filter	ALL	POSTHOC_ROBUSTNESS_ANALYSIS	CONTROLLED_ERROR_INJECTION	provider_construct_condition	read_site	3934	3880	2142	1708	1972	1962	1942	1938	212	1930	5	1703	1708	5	1703	0.8890663146972656	0.0003537902115235522	0.0029554076719619073	0.4447100524543946	0.017477176097185076	2.9599111673460023	0.008838203721234351	0.5	1.0	1703	0	5	0	1708	0.00291474139104124	0.0030037033474138246	0.015394091019955954	0.019570489775587983	selected p>=0.9 subset; whole-population claim invalid	0.1075050709939148	0.9836901121304791
2025_DRACH	seed_11	missing_zero	ALL	POSTHOC_ROBUSTNESS_ANALYSIS	CONTROLLED_ERROR_INJECTION	provider_construct_condition	read_site	3934	3880	2142	3934	1972	1962	1942	1938	212	1930	1972	1962	3880	1942	1938	0.013161962727194098	0.037426569636515174	0.025281758652519935	0.025294266181854635	INFINITE	0.043097875922164325	INFINITE	0.9636392960349622	0.016477857878475798	1829	1910	32	109	2142					invalid probability: missing replaced by zero	0.1075050709939148	0.9836901121304791
2025_DRACH	seed_11	site_mean_as_read	ALL	POSTHOC_ROBUSTNESS_ANALYSIS	CONTROLLED_ERROR_INJECTION	provider_construct_condition	read_site	3934	3880	2142	3934	1972	1962	1942	1938	212	1930	1972	1962	2142	212	1930	0.0667916614028419	0.004692060016813945	0.01083823905221914	0.035741860709827926	0.0867535973409736	0.2904103211250281	0.06438301421028989	1.0	0.0	1930	212	0	0	0					invalid unit: repeated site means	0.1075050709939148	0.9836901121304791
2025_DRACH	seed_29	canonical	ALL	POSTHOC_ROBUSTNESS_ANALYSIS	OBSERVED_NATIVE_INPUT	provider_construct_condition	read_site	3939	3888	2122	3939	1975	1964	1960	1928	205	1917	1975	1964	2122	205	1917	0.12085803892554306	0.030458845318638537	0.03919203791497003	0.0756584421220908	0.12513969925675952	0.3995565535703728	0.0957941305899412	0.9033550898889271	0.14634146341463414	1827	175	30	90	2122	0.038894164348749705	0.039497540875721604	0.12249089526238918	0.1278319597874555	eligible explicit probability subset	0.10379746835443038	0.9760692464358453
2025_DRACH	seed_29	high_p_filter	ALL	POSTHOC_ROBUSTNESS_ANALYSIS	CONTROLLED_ERROR_INJECTION	provider_construct_condition	read_site	3939	3888	2122	1695	1975	1964	1960	1928	205	1917	6	1689	1695	6	1689	0.8701210021972656	0.0003286308618323065	0.0034075419108072916	0.435224816529549	0.018712845166696974	2.909608371206771	0.00844323406175888	0.5	1.0	1689	0	6	0	1695	0.003366268911896202	0.003456444304249631	0.016567616641876018	0.020888237578701715	selected p>=0.9 subset; whole-population claim invalid	0.10379746835443038	0.9760692464358453
2025_DRACH	seed_29	missing_zero	ALL	POSTHOC_ROBUSTNESS_ANALYSIS	CONTROLLED_ERROR_INJECTION	provider_construct_condition	read_site	3939	3888	2122	3939	1975	1964	1960	1928	205	1917	1975	1964	3888	1960	1928	0.012640764275375678	0.0359904597903683	0.024219522750917287	0.02431561203287199	INFINITE	0.041790353817309396	INFINITE	0.9661539927174189	0.015306122448979591	1827	1930	30	101	2122					invalid probability: missing replaced by zero	0.10379746835443038	0.9760692464358453
2025_DRACH	seed_29	site_mean_as_read	ALL	POSTHOC_ROBUSTNESS_ANALYSIS	CONTROLLED_ERROR_INJECTION	provider_construct_condition	read_site	3939	3888	2122	3939	1975	1964	1960	1928	205	1917	1975	1964	2122	205	1917	0.06682416919182897	0.00428186684527427	0.010323889456510704	0.035553018018551624	0.08330924181958169	0.2912385301547982	0.06107371541962374	1.0	0.0	1917	205	0	0	0					invalid unit: repeated site means	0.10379746835443038	0.9760692464358453
2025_DRACH	seed_47	canonical	ALL	POSTHOC_ROBUSTNESS_ANALYSIS	OBSERVED_NATIVE_INPUT	provider_construct_condition	read_site	3935	3896	2147	3935	1974	1961	1955	1941	217	1930	1974	1961	2147	217	1930	0.1117123546688238	0.027163004504584278	0.03570851404610267	0.06943767958670403	0.12003027791660467	0.4257509896604091	0.08565649840965879	0.9088548506482652	0.1382488479262673	1845	187	30	85	2147	0.035422067060324	0.03600259042641258	0.11653948225426024	INFINITE	eligible explicit probability subset	0.1099290780141844	0.98419173890872
2025_DRACH	seed_47	high_p_filter	ALL	POSTHOC_ROBUSTNESS_ANALYSIS	CONTROLLED_ERROR_INJECTION	provider_construct_condition	read_site	3935	3896	2147	1713	1974	1961	1955	1941	217	1930	6	1707	1713	6	1707	0.9449806213378906	0.00030484280533167656	0.0036136896653406396	0.47264273207161117	0.02482023686288795	4.82758710405991	0.007938806749717395	0.5	1.0	1707	0	6	0	1713	0.003573932636570527	0.0036610760886420022	0.021448378160737438	INFINITE	selected p>=0.9 subset; whole-population claim invalid	0.1099290780141844	0.98419173890872
2025_DRACH	seed_47	missing_zero	ALL	POSTHOC_ROBUSTNESS_ANALYSIS	CONTROLLED_ERROR_INJECTION	provider_construct_condition	read_site	3935	3896	2147	3935	1974	1961	1955	1941	217	1930	1974	1961	3896	1955	1941	0.012399785658892463	0.032676248683074526	0.022501586154256268	0.022538017170983495	INFINITE	0.047257270975094	INFINITE	0.9675978448633671	0.015345268542199489	1845	1925	30	96	2147					invalid probability: missing replaced by zero	0.1099290780141844	0.98419173890872
2025_DRACH	seed_47	site_mean_as_read	ALL	POSTHOC_ROBUSTNESS_ANALYSIS	CONTROLLED_ERROR_INJECTION	provider_construct_condition	read_site	3935	3896	2147	3935	1974	1961	1955	1941	217	1930	1974	1961	2147	217	1930	0.06841885621002744	0.0037694562230455443	0.01030365268190678	0.03609415621653649	0.08051298468317576	0.2909868993945285	0.056848301008376	1.0	0.0	1930	217	0	0	0					invalid unit: repeated site means	0.1099290780141844	0.98419173890872
2025_DRACH	seed_71	canonical	ALL	POSTHOC_ROBUSTNESS_ANALYSIS	OBSERVED_NATIVE_INPUT	provider_construct_condition	read_site	3940	3901	2175	3940	1966	1974	1949	1952	231	1944	1966	1974	2175	231	1944	0.10130592445274453	0.035891073721426504	0.04283858200599407	0.06859849908708551	0.13748435290353753	0.3845223711951271	0.10812952665592579	0.9157948532948533	0.10822510822510822	1827	206	25	117	2175	0.042522919753502156	0.04316187365301724	0.13410759594139607	INFINITE	eligible explicit probability subset	0.11749745676500509	0.9848024316109423
2025_DRACH	seed_71	high_p_filter	ALL	POSTHOC_ROBUSTNESS_ANALYSIS	CONTROLLED_ERROR_INJECTION	provider_construct_condition	read_site	3940	3901	2175	1712	1966	1974	1949	1952	231	1944	6	1706	1712	6	1706	0.934838612874349	0.0002986509942505312	0.0035739078699985397	0.46756863193429976	0.023215418846731457	4.379868734982277	0.007893074241330946	0.5	1.0	1706	0	6	0	1712	0.0035343794065101123	0.003621065728018217	0.020206513614456866	INFINITE	selected p>=0.9 subset; whole-population claim invalid	0.11749745676500509	0.9848024316109423
2025_DRACH	seed_71	missing_zero	ALL	POSTHOC_ROBUSTNESS_ANALYSIS	CONTROLLED_ERROR_INJECTION	provider_construct_condition	read_site	3940	3901	2175	3940	1966	1974	1949	1952	231	1944	1966	1974	3901	1949	1952	0.01200701310856028	0.039842339812732136	0.025935379611134866	0.02592467646064621	INFINITE	0.045574483194496855	INFINITE	0.9615680119691477	0.012827090815802977	1827	1924	25	125	2175					invalid probability: missing replaced by zero	0.11749745676500509	0.9848024316109423
2025_DRACH	seed_71	site_mean_as_read	ALL	POSTHOC_ROBUSTNESS_ANALYSIS	CONTROLLED_ERROR_INJECTION	provider_construct_condition	read_site	3940	3901	2175	3940	1966	1974	1949	1952	231	1944	1966	1974	2175	231	1944	0.05574877063458217	0.004903218309953486	0.010303366625810603	0.030325994472267827	0.08788472539390627	0.26045162328268934	0.06737909092255397	0.9913419913419913	0.017316017316017316	1944	227	4	0	0					invalid unit: repeated site means	0.11749745676500509	0.9848024316109423
2026_all5mer	full	canonical	ALL	POSTHOC_ROBUSTNESS_ANALYSIS	OBSERVED_NATIVE_INPUT	provider_construct_condition	read_site	4682505	4608734	2940322	4682505	2360963	2321542	2326496	2282238	680046	2260276	2360963	2321542	2940322	680046	2260276	0.09679205090608	0.06935819024613475	0.0757031712401732	0.08307512057610737	0.24279349463453048	0.32889246694445773	0.21688902025906626	0.8872536916806255	0.12486508265617326	2032830	595132	84914	227446	2940322	0.07511927814365309	0.07629469373122455	0.239394638467825	INFINITE	eligible explicit probability subset	0.2880375507790677	0.9736097817743552
2026_all5mer	full	high_p_filter	ALL	POSTHOC_ROBUSTNESS_ANALYSIS	CONTROLLED_ERROR_INJECTION	provider_construct_condition	read_site	4682505	4608734	2940322	1641843	2360963	2321542	2326496	2282238	680046	2260276	11173	1630670	1641843	11173	1630670	0.8973957851474441	0.0008275935690912684	0.006928881210178105	0.4491116893582677	0.03925496311424675	3.178599699706032	0.017744848411737953	0.5	1.0	1630670	0	11173	0	1641843	0.00684036211695009	0.007025029697937371	0.03680314567852065	INFINITE	selected p>=0.9 subset; whole-population claim invalid	0.2880375507790677	0.9736097817743552
2026_all5mer	full	missing_zero	ALL	POSTHOC_ROBUSTNESS_ANALYSIS	CONTROLLED_ERROR_INJECTION	provider_construct_condition	read_site	4682505	4608734	2940322	4682505	2360963	2321542	2326496	2282238	680046	2260276	2360963	2321542	4608734	2326496	2282238	0.02829278324590976	0.07831376605628881	0.053063097125425014	0.05330327465109928	INFINITE	0.0961368541255651	INFINITE	0.9271095648112039	0.036498665804712324	2032830	2241582	84914	249408	2940322					invalid probability: missing replaced by zero	0.2880375507790677	0.9736097817743552
2026_all5mer	full	site_mean_as_read	ALL	POSTHOC_ROBUSTNESS_ANALYSIS	CONTROLLED_ERROR_INJECTION	provider_construct_condition	read_site	4682505	4608734	2940322	4682505	2360963	2321542	2326496	2282238	680046	2260276	2360963	2321542	2940322	680046	2260276	0.050337572289733984	0.023289215709620472	0.029545036228216692	0.03681339399967723	0.1680975600263632	0.24638330802834105	0.14454383924812503	1.0	0.0	2260276	680046	0	0	0					invalid unit: repeated site means	0.2880375507790677	0.9736097817743552
2026_all5mer	original_first100	canonical	ALL	POSTHOC_ROBUSTNESS_ANALYSIS	OBSERVED_NATIVE_INPUT	provider_construct_condition	read_site	48487	47791	30467	48487	24254	24233	23927	23864	6826	23641	24254	24233	30467	6826	23641	0.09440975485398488	0.06820696541149752	0.07407758742004508	0.0813083601327412	0.23833704491553562	0.322270356112668	0.21410250398107325	0.8894388529772299	0.1237913858775271	21340	5981	845	2301	30467	0.07350863860113376	0.07465416563348767	0.2349256241318239	INFINITE	eligible explicit probability subset	0.2814381133008988	0.9755705030330541
2026_all5mer	original_first100	high_p_filter	ALL	POSTHOC_ROBUSTNESS_ANALYSIS	CONTROLLED_ERROR_INJECTION	provider_construct_condition	read_site	48487	47791	30467	17380	24254	24233	23927	23864	6826	23641	112	17268	17380	112	17268	0.8985192435128349	0.0008147219582125355	0.006599699312304462	0.4496669827355237	0.038020634732992796	3.1979450432100367	0.01752541040189314	0.5	1.0	17268	0	112	0	17380	0.006513301028481013	0.006693726990659163	0.035572865526869016	INFINITE	selected p>=0.9 subset; whole-population claim invalid	0.2814381133008988	0.9755705030330541
2026_all5mer	original_first100	missing_zero	ALL	POSTHOC_ROBUSTNESS_ANALYSIS	CONTROLLED_ERROR_INJECTION	provider_construct_condition	read_site	48487	47791	30467	48487	24254	24233	23927	23864	6826	23641	24254	24233	47791	23927	23864	0.02693363090371968	0.076914216782317	0.05189098064335364	0.05192392384301834	INFINITE	0.09193870735257541	INFINITE	0.9294591202728165	0.03531575207924102	21340	23082	845	2524	30467					invalid probability: missing replaced by zero	0.2814381133008988	0.9755705030330541
2026_all5mer	original_first100	site_mean_as_read	ALL	POSTHOC_ROBUSTNESS_ANALYSIS	CONTROLLED_ERROR_INJECTION	provider_construct_condition	read_site	48487	47791	30467	48487	24254	24233	23927	23864	6826	23641	24254	24233	30467	6826	23641	0.0502628767998058	0.023070126350873132	0.029162544854973126	0.03666650157533947	0.16420922262611878	0.2426407011697908	0.14156325703502257	0.9983503235903727	0.0	23563	6826	0	78	0					invalid unit: repeated site means	0.2814381133008988	0.9755705030330541
2026_all5mer	seed_101	canonical	ALL	POSTHOC_ROBUSTNESS_ANALYSIS	OBSERVED_NATIVE_INPUT	provider_construct_condition	read_site	48284	47507	30486	48284	24091	24193	23721	23786	6942	23544	24091	24193	30486	6942	23544	0.09625058955811039	0.07248082032950606	0.0778934601636913	0.08436570494380823	0.2480749096762688	0.32761818156963485	0.22462140162819935	0.8842984473653992	0.12662057044079517	21077	6063	879	2467	30486	0.07729881960818721	0.07849573011372664	0.2446874314715268	INFINITE	eligible explicit probability subset	0.28815740317961064	0.9731740586119952
2026_all5mer	seed_101	high_p_filter	ALL	POSTHOC_ROBUSTNESS_ANALYSIS	CONTROLLED_ERROR_INJECTION	provider_construct_condition	read_site	48284	47507	30486	16942	24091	24193	23721	23786	6942	23544	101	16841	16942	101	16841	0.9065834649718634	0.0008219688410544069	0.006221680274722906	0.4537027169064589	0.03714822585287915	3.2992918477208617	0.01758427443617787	0.5	1.0	16841	0	101	0	16942	0.006136723440578057	0.006314266503399005	0.0346915161176752	INFINITE	selected p>=0.9 subset; whole-population claim invalid	0.28815740317961064	0.9731740586119952
2026_all5mer	seed_101	missing_zero	ALL	POSTHOC_ROBUSTNESS_ANALYSIS	CONTROLLED_ERROR_INJECTION	provider_construct_condition	read_site	48284	47507	30486	48284	24091	24193	23721	23786	6942	23544	24091	24193	47507	23721	23786	0.02816793527728183	0.08191744866046795	0.055079462532896056	0.05504269196887489	INFINITE	0.09587814242470406	INFINITE	0.924526851398538	0.037055773365372455	21077	22842	879	2709	30486					invalid probability: missing replaced by zero	0.28815740317961064	0.9731740586119952
2026_all5mer	seed_101	site_mean_as_read	ALL	POSTHOC_ROBUSTNESS_ANALYSIS	CONTROLLED_ERROR_INJECTION	provider_construct_condition	read_site	48284	47507	30486	48284	24091	24193	23721	23786	6942	23544	24091	24193	30486	6942	23544	0.05239151493835802	0.025334957558392334	0.03149603547388541	0.03886323624837518	0.17228758915221926	0.2486798520967905	0.14976316299858292	0.9983860006795786	0.0	23468	6942	0	76	0					invalid unit: repeated site means	0.28815740317961064	0.9731740586119952
2026_all5mer	seed_11	canonical	ALL	POSTHOC_ROBUSTNESS_ANALYSIS	OBSERVED_NATIVE_INPUT	provider_construct_condition	read_site	48350	47588	30428	48350	24152	24198	23804	23784	6865	23563	24152	24198	30428	6865	23563	0.09517258646187779	0.06932969019054097	0.07516022400488064	0.08225113832620938	0.24014901125271668	0.32243849505768807	0.2161742497061764	0.8891269748122828	0.12163146394756008	21204	6030	835	2359	30428	0.07457933141317978	0.07574874599111273	0.2368228429009847	INFINITE	eligible explicit probability subset	0.2842414706856575	0.9737581618315563
2026_all5mer	seed_11	high_p_filter	ALL	POSTHOC_ROBUSTNESS_ANALYSIS	CONTROLLED_ERROR_INJECTION	provider_construct_condition	read_site	48350	47588	30428	17108	24152	24198	23804	23784	6865	23563	97	17011	17108	97	17011	0.900726357686151	0.0008472038754765988	0.00594939454181021	0.4507867807808138	0.035758069513844165	3.173907260596283	0.01786373810857719	0.5	1.0	17011	0	97	0	17108	0.005864536480728588	0.006041881997423081	0.03340258539603066	INFINITE	selected p>=0.9 subset; whole-population claim invalid	0.2842414706856575	0.9737581618315563
2026_all5mer	seed_11	missing_zero	ALL	POSTHOC_ROBUSTNESS_ANALYSIS	CONTROLLED_ERROR_INJECTION	provider_construct_condition	read_site	48350	47588	30428	48350	24152	24198	23804	23784	6865	23563	24152	24198	47588	23804	23784	0.027447479669836624	0.07797744239655721	0.052701842817947965	0.05271246103319692	INFINITE	0.09299026502146819	INFINITE	0.9282227876463708	0.03507813812804571	21204	22969	835	2580	30428					invalid probability: missing replaced by zero	0.2842414706856575	0.9737581618315563
2026_all5mer	seed_11	site_mean_as_read	ALL	POSTHOC_ROBUSTNESS_ANALYSIS	CONTROLLED_ERROR_INJECTION	provider_construct_condition	read_site	48350	47588	30428	48350	24152	24198	23804	23784	6865	23563	24152	24198	30428	6865	23563	0.05114956583407573	0.023687182297642186	0.029883096027680845	0.03741837406585896	0.16762730471899318	0.24529899526521307	0.14499792155047472	1.0	0.0	23563	6865	0	0	0					invalid unit: repeated site means	0.2842414706856575	0.9737581618315563
2026_all5mer	seed_29	canonical	ALL	POSTHOC_ROBUSTNESS_ANALYSIS	OBSERVED_NATIVE_INPUT	provider_construct_condition	read_site	48334	47565	30450	48334	24163	24171	23813	23752	6931	23519	24163	24171	30450	6931	23519	0.0938754535103202	0.06990992187100348	0.0753649333584289	0.08189268769066184	0.2416624648890758	0.32155729844310643	0.2181176249144601	0.8894332918048454	0.11989611888616361	21138	6100	831	2381	30450	0.07478075700831922	0.07595673910306984	0.23834138519977893	INFINITE	eligible explicit probability subset	0.28684352108595784	0.9730255264573249
2026_all5mer	seed_29	high_p_filter	ALL	POSTHOC_ROBUSTNESS_ANALYSIS	CONTROLLED_ERROR_INJECTION	provider_construct_condition	read_site	48334	47565	30450	16941	24163	24171	23813	23752	6931	23519	95	16846	16941	95	16846	0.9025515506142064	0.0008306407056652451	0.005887218619679259	0.45169109565993587	0.03599988606437733	3.2695071271505065	0.017765101076654296	0.5	1.0	16846	0	95	0	16941	0.005802917210258212	0.005979149423631556	0.03359372866348951	INFINITE	selected p>=0.9 subset; whole-population claim invalid	0.28684352108595784	0.9730255264573249
2026_all5mer	seed_29	missing_zero	ALL	POSTHOC_ROBUSTNESS_ANALYSIS	CONTROLLED_ERROR_INJECTION	provider_construct_condition	read_site	48334	47565	30450	48334	24163	24171	23813	23752	6931	23519	24163	24171	47565	23813	23752	0.02732334305967452	0.07903382672971249	0.05314542669534658	0.0531785848946935	INFINITE	0.09359230821438587	INFINITE	0.9275246023747087	0.03489690505186243	21138	22982	831	2614	30450					invalid probability: missing replaced by zero	0.28684352108595784	0.9730255264573249
2026_all5mer	seed_29	site_mean_as_read	ALL	POSTHOC_ROBUSTNESS_ANALYSIS	CONTROLLED_ERROR_INJECTION	provider_construct_condition	read_site	48334	47565	30450	48334	24163	24171	23813	23752	6931	23519	24163	24171	30450	6931	23519	0.05019282280059471	0.023955016067363652	0.02992724064759434	0.03707391943397918	0.1684745861333307	0.24395788099731472	0.14622981736330334	1.0	0.0	23519	6931	0	0	0					invalid unit: repeated site means	0.28684352108595784	0.9730255264573249
2026_all5mer	seed_47	canonical	ALL	POSTHOC_ROBUSTNESS_ANALYSIS	OBSERVED_NATIVE_INPUT	provider_construct_condition	read_site	48396	47561	30485	48396	24179	24217	23794	23767	6932	23553	24179	24217	30485	6932	23553	0.10018281006634201	0.06903061417112512	0.0761143281926322	0.08460671211873357	0.24319179490579054	0.33724976603743123	0.2155091279043668	0.8849711093437254	0.12968840161569534	21189	6033	899	2364	30485	0.07553004183025464	0.07670624394954101	0.2398277692882896	INFINITE	eligible explicit probability subset	0.28669506596633443	0.9725812445802535
2026_all5mer	seed_47	high_p_filter	ALL	POSTHOC_ROBUSTNESS_ANALYSIS	CONTROLLED_ERROR_INJECTION	provider_construct_condition	read_site	48396	47561	30485	17163	24179	24217	23794	23767	6932	23553	133	17030	17163	133	17030	0.8863194114283511	0.0008230638308029489	0.007684976913042296	0.44357123762957706	0.0411660040031577	3.0445783348498323	0.017710112047631708	0.5	1.0	17030	0	133	0	17163	0.007593332828636638	0.007784250391979203	0.03871086689898952	INFINITE	selected p>=0.9 subset; whole-population claim invalid	0.28669506596633443	0.9725812445802535
2026_all5mer	seed_47	missing_zero	ALL	POSTHOC_ROBUSTNESS_ANALYSIS	CONTROLLED_ERROR_INJECTION	provider_construct_condition	read_site	48396	47561	30485	48396	24179	24217	23794	23767	6932	23553	24179	24217	47561	23794	23767	0.029186653752201513	0.0774131381988686	0.05328620708043129	0.053299895975535055	INFINITE	0.09825230638696618	INFINITE	0.9268738193950751	0.03778263427754896	21189	22895	899	2578	30485					invalid probability: missing replaced by zero	0.28669506596633443	0.9725812445802535
2026_all5mer	seed_47	site_mean_as_read	ALL	POSTHOC_ROBUSTNESS_ANALYSIS	CONTROLLED_ERROR_INJECTION	provider_construct_condition	read_site	48396	47561	30485	48396	24179	24217	23794	23767	6932	23553	24179	24217	30485	6932	23553	0.05394904007202675	0.023671387964114107	0.030556239019126425	0.03881021401807043	0.16900966051924118	0.25233676787485027	0.14448524714561226	1.0	0.0	23553	6932	0	0	0					invalid unit: repeated site means	0.28669506596633443	0.9725812445802535
2026_all5mer	seed_71	canonical	ALL	POSTHOC_ROBUSTNESS_ANALYSIS	OBSERVED_NATIVE_INPUT	provider_construct_condition	read_site	48319	47545	30529	48319	24125	24194	23778	23767	7009	23520	24125	24194	30529	7009	23520	0.09930608942328753	0.06978678411366988	0.07656397337355753	0.0845464367684787	0.24472914495306664	0.3359147490078614	0.21755567986717989	0.8848690198364979	0.12826366100727635	21121	6110	899	2399	30529	0.07597851536909578	0.07715706077255054	0.24133457498262748	INFINITE	eligible explicit probability subset	0.2905284974093264	0.9721418533520707
2026_all5mer	seed_71	high_p_filter	ALL	POSTHOC_ROBUSTNESS_ANALYSIS	CONTROLLED_ERROR_INJECTION	provider_construct_condition	read_site	48319	47545	30529	17136	24125	24194	23778	23767	7009	23520	126	17010	17136	126	17010	0.895624251592727	0.0008098232262559248	0.0073893410818917414	0.4482170374094914	0.04046052308848655	3.147161376397038	0.017447924175089873	0.5	1.0	17010	0	126	0	17136	0.007299975298143346	0.007486336260171386	0.038015782578611136	INFINITE	selected p>=0.9 subset; whole-population claim invalid	0.2905284974093264	0.9721418533520707
2026_all5mer	seed_71	missing_zero	ALL	POSTHOC_ROBUSTNESS_ANALYSIS	CONTROLLED_ERROR_INJECTION	provider_construct_condition	read_site	48319	47545	30529	48319	24125	24194	23778	23767	7009	23520	24125	24194	47545	23778	23767	0.02927228449692246	0.07945408180895845	0.05435737812853797	0.054363183152940454	INFINITE	0.0990170105053453	INFINITE	0.9254305526283619	0.03780805786861805	21121	22879	899	2646	30529					invalid probability: missing replaced by zero	0.2905284974093264	0.9721418533520707
2026_all5mer	seed_71	site_mean_as_read	ALL	POSTHOC_ROBUSTNESS_ANALYSIS	CONTROLLED_ERROR_INJECTION	provider_construct_condition	read_site	48319	47545	30529	48319	24125	24194	23778	23767	7009	23520	24125	24194	30529	7009	23520	0.053052170884637484	0.024138505089420396	0.030776648610619142	0.03859533798702894	0.16945157440436462	0.2512073445467729	0.14508821586150153	1.0	0.0	23520	7009	0	0	0					invalid unit: repeated site means	0.2905284974093264	0.9721418533520707
