role	case_id	evidence_class	scored	Brier	Brier_equal_class	balanced_accuracy	log_loss	delta_Brier	outcome	source_metric	source_metric_sha256
DEVELOPMENT	00_canonical	OBSERVED_NATIVE_INPUT	2332	0.07357893431779655	0.07938115291837894	0.9030207970871642	0.21659751617016476	0.0	NUMERICALLY_UNCHANGED_BRIER	execution/RMT-EXEC-001/results/development_test_final/metrics/00_canonical.json	4fd6a0f4505ee813eb5f82d8d83231745b2d540e2fcb900feaba19dd8ac401c3
DEVELOPMENT	01_sample_reference_BED_mismatch	CONTROLLED_ERROR_INJECTION	2332	0.8059036555870933	0.7216791393044832	0.09697920291283585	4.2317330265391995	0.7323247212692967	CHANGED_BRIER	execution/RMT-EXEC-001/results/development_test_final/metrics/01_sample_reference_BED_mismatch.json	751a37dc25f1135a0a42a786476f10405fc0eaabf72e79b524e1e41edbf417ab
DEVELOPMENT	02_declared_zero_one_based_coordinate_error	CONTROLLED_ERROR_INJECTION	0						NO_RESULT	execution/RMT-EXEC-001/results/development_test_final/metrics/02_declared_zero_one_based_coordinate_error.json	2621c291dd1b3a71a0bbf155ce91950d535966cdbd626e9e24438f209017e8f1
DEVELOPMENT	03_strand_or_reference_version_conflict	CONTROLLED_ERROR_INJECTION	2331	0.07358732513990693	0.0794250553495286	0.9029313528341231	0.2165769595433951	8.390822110376783e-06	CHANGED_BRIER	execution/RMT-EXEC-001/results/development_test_final/metrics/03_strand_or_reference_version_conflict.json	762cd1dbedbd53d0c4cf13063472cd55e575f63ff066ebffefb8558d1ecf30fe
DEVELOPMENT	04_lost_sample_join_key	CONTROLLED_ERROR_INJECTION	0						NO_RESULT	execution/RMT-EXEC-001/results/development_test_final/metrics/04_lost_sample_join_key.json	702cd0e5221b51b4194c30e6563d88fd6013067c0ecead3b590df2ff44d2fbeb
DEVELOPMENT	05_read_index_reuse_across_runs	CONTROLLED_ERROR_INJECTION	2332	0.07380841812997493	0.07955841493972726	0.9027061855670103	0.21710981725024953	0.00022948381217838265	CHANGED_BRIER	execution/RMT-EXEC-001/results/development_test_final/metrics/05_read_index_reuse_across_runs.json	f9d6cb5b74ebac121cfa291b2fb65c5b99f339d9077b5b9dd26c9a90c5f94c0b
DEVELOPMENT	06_duplicate_read_site_counting	CONTROLLED_ERROR_INJECTION	2333	0.073570550688847	0.07933747562790183	0.9031097826517281	0.21661805517445112	-8.383628949545918e-06	CHANGED_BRIER	execution/RMT-EXEC-001/results/development_test_final/metrics/06_duplicate_read_site_counting.json	afdcd73be7ec86545641d0968977017e90a7ad360110342f84025682aa9f1ee3
DEVELOPMENT	07_site_score_as_read_probability	CONTROLLED_ERROR_INJECTION	2332	0.0277200214417816	0.041683788593713786	1.0	0.15063576064615558	-0.04585891287601496	CHANGED_BRIER	execution/RMT-EXEC-001/results/development_test_final/metrics/07_site_score_as_read_probability.json	f1a8b120cecae5a9af1e265c6ed4287871353f7dce59519d8234b64d2e2a3f97
DEVELOPMENT	08_filtered_output_claimed_all_records	CONTROLLED_ERROR_INJECTION	1585	0.00205609775868124	0.4540641951852341	0.5	0.014585986236148072	-0.07152283655911532	CHANGED_BRIER	execution/RMT-EXEC-001/results/development_test_final/metrics/08_filtered_output_claimed_all_records.json	c1e3aa3c88585dbf47160e66ca50305c807bdb1e205fc0fad1a5fee991791ee9
DEVELOPMENT	09_missing_probability_imputed_zero	CONTROLLED_ERROR_INJECTION	3909	0.04619751210772616	0.046234253779943314	0.9288086534675859	INFINITE	-0.027381422210070394	CHANGED_BRIER	execution/RMT-EXEC-001/results/development_test_final/metrics/09_missing_probability_imputed_zero.json	6c37c7cfd663fd1ea988c360782fc456bc3783f73b5c95adcb9f47ac92813b25
DEVELOPMENT	10_modification_code_confusion	CONTROLLED_ERROR_INJECTION	2332	0.07357893431779655	0.07938115291837894	0.9030207970871642	0.21659751617016476	0.0	NUMERICALLY_UNCHANGED_BRIER	execution/RMT-EXEC-001/results/development_test_final/metrics/10_modification_code_confusion.json	2925c10f96fad8f597fb07675c5f9a8ed9f525337e8d04ab74038cf978a2ecd7
DEVELOPMENT	11_row_order	LEGAL_TRANSFORMATION	2332	0.07357893431779655	0.07938115291837894	0.9030207970871642	0.21659751617016476	0.0	NUMERICALLY_UNCHANGED_BRIER	execution/RMT-EXEC-001/results/development_test_final/metrics/11_row_order.json	4fd6a0f4505ee813eb5f82d8d83231745b2d540e2fcb900feaba19dd8ac401c3
DEVELOPMENT	12_compression	LEGAL_TRANSFORMATION	2332	0.07357893431779655	0.07938115291837894	0.9030207970871642	0.21659751617016476	0.0	NUMERICALLY_UNCHANGED_BRIER	execution/RMT-EXEC-001/results/development_test_final/metrics/12_compression.json	4fd6a0f4505ee813eb5f82d8d83231745b2d540e2fcb900feaba19dd8ac401c3
DEVELOPMENT	13_irrelevant_column	LEGAL_TRANSFORMATION	2332	0.07357893431779655	0.07938115291837894	0.9030207970871642	0.21659751617016476	0.0	NUMERICALLY_UNCHANGED_BRIER	execution/RMT-EXEC-001/results/development_test_final/metrics/13_irrelevant_column.json	4fd6a0f4505ee813eb5f82d8d83231745b2d540e2fcb900feaba19dd8ac401c3
DEVELOPMENT	14_documented_bijective_rename	LEGAL_TRANSFORMATION	2332	0.07357893431779655	0.07938115291837894	0.9030207970871642	0.21659751617016476	0.0	NUMERICALLY_UNCHANGED_BRIER	execution/RMT-EXEC-001/results/development_test_final/metrics/14_documented_bijective_rename.json	4fd6a0f4505ee813eb5f82d8d83231745b2d540e2fcb900feaba19dd8ac401c3
DEVELOPMENT	15_disjoint_merge	LEGAL_TRANSFORMATION	2332	0.07357893431779655	0.07938115291837894	0.9030207970871642	0.21659751617016476	0.0	NUMERICALLY_UNCHANGED_BRIER	execution/RMT-EXEC-001/results/development_test_final/metrics/15_disjoint_merge.json	4fd6a0f4505ee813eb5f82d8d83231745b2d540e2fcb900feaba19dd8ac401c3
DEVELOPMENT	16_documented_coordinate_conversion	LEGAL_TRANSFORMATION	2332	0.07357893431779655	0.07938115291837894	0.9030207970871642	0.21659751617016476	0.0	NUMERICALLY_UNCHANGED_BRIER	execution/RMT-EXEC-001/results/development_test_final/metrics/16_documented_coordinate_conversion.json	4fd6a0f4505ee813eb5f82d8d83231745b2d540e2fcb900feaba19dd8ac401c3
EVALUATION	00_canonical	OBSERVED_NATIVE_INPUT	30467	0.07407758742004508	0.0813083601327412	0.8894388529772299	0.2383370449155335	0.0	NUMERICALLY_UNCHANGED_BRIER	execution/RMT-EXEC-001/results/evaluation_run_v1/results/evaluation/metrics/00_canonical.json	74a1917052e663e374956e445a747f098d7c2ac3ba7b22a2e419c5f471ea3536
EVALUATION	01_sample_reference_BED_mismatch	CONTROLLED_ERROR_INJECTION	30467	0.7808226671374442	0.7415187040338569	0.11056114702277009	3.489007475192854	0.7067450797173991	CHANGED_BRIER	execution/RMT-EXEC-001/results/evaluation_run_v1/results/evaluation/metrics/01_sample_reference_BED_mismatch.json	fac34e633f2acff7361564ebed48e7b03a8aa4107d9cd33ba0e0c5554cf57655
EVALUATION	02_declared_zero_one_based_coordinate_error	CONTROLLED_ERROR_INJECTION	0						NO_RESULT	execution/RMT-EXEC-001/results/evaluation_run_v1/results/evaluation/metrics/02_declared_zero_one_based_coordinate_error.json	ffe2f0645d20e00db739df93647cd26f5d6dad295120b36edd20c5bdd6dbc13b
EVALUATION	03_strand_or_reference_version_conflict	CONTROLLED_ERROR_INJECTION	30467	0.07407758742004508	0.0813083601327412	0.8894388529772299	0.2383370449155335	0.0	NUMERICALLY_UNCHANGED_BRIER	execution/RMT-EXEC-001/results/evaluation_run_v1/results/evaluation/metrics/03_strand_or_reference_version_conflict.json	911c80774b95791ddb9ec0bc814dbbf761189603c1dd8f40d46541382b36e06a
EVALUATION	04_lost_sample_join_key	CONTROLLED_ERROR_INJECTION	0						NO_RESULT	execution/RMT-EXEC-001/results/evaluation_run_v1/results/evaluation/metrics/04_lost_sample_join_key.json	7da94a71d00820e5c96fb8be5512cccf66f5fbb6bfb08fd3e1c4a885cb04c04e
EVALUATION	05_read_index_reuse_across_runs	CONTROLLED_ERROR_INJECTION	30467	0.07407758742004508	0.0813083601327412	0.8894388529772299	0.2383370449155335	0.0	NUMERICALLY_UNCHANGED_BRIER	execution/RMT-EXEC-001/results/evaluation_run_v1/results/evaluation/metrics/05_read_index_reuse_across_runs.json	05fd5d4402396abdedbd043b65b7b52cac72abdeed80aa52953a7524769769fb
EVALUATION	06_duplicate_read_site_counting	CONTROLLED_ERROR_INJECTION	30468	0.07407658954954403	0.08130464435085605	0.8894479192864343	0.23833691692922057	-9.978705010488254e-07	CHANGED_BRIER	execution/RMT-EXEC-001/results/evaluation_run_v1/results/evaluation/metrics/06_duplicate_read_site_counting.json	811128298f3dc3f73dc456b51868e890db68715b0f0038c8cceab76aa81c5cae
EVALUATION	07_site_score_as_read_probability	CONTROLLED_ERROR_INJECTION	30467	0.029162544854973105	0.036666501575339995	0.9983503235903727	0.16420922262611876	-0.04491504256507198	CHANGED_BRIER	execution/RMT-EXEC-001/results/evaluation_run_v1/results/evaluation/metrics/07_site_score_as_read_probability.json	93e0db84fc1426b4535d36b71460a27e0cdaa691a448592292a0e52daab5f931
EVALUATION	08_filtered_output_claimed_all_records	CONTROLLED_ERROR_INJECTION	17380	0.006599699312304462	0.4496669827355237	0.5	0.03802063473299284	-0.06747788810774062	CHANGED_BRIER	execution/RMT-EXEC-001/results/evaluation_run_v1/results/evaluation/metrics/08_filtered_output_claimed_all_records.json	0fc938f0afed554e516dc76abbfe519b6e573d47d2a67edaccc831413abfaadc
EVALUATION	09_missing_probability_imputed_zero	CONTROLLED_ERROR_INJECTION	47791	0.05189098064335364	0.05192392384301834	0.9294591202728165	INFINITE	-0.022186606776691445	CHANGED_BRIER	execution/RMT-EXEC-001/results/evaluation_run_v1/results/evaluation/metrics/09_missing_probability_imputed_zero.json	83fbe72ffc5c5a6ea2e230638243dc69b8398f74b652da5979c0c25325ccd3ed
EVALUATION	10_modification_code_confusion	CONTROLLED_ERROR_INJECTION	30467	0.07407758742004508	0.0813083601327412	0.8894388529772299	0.2383370449155335	0.0	NUMERICALLY_UNCHANGED_BRIER	execution/RMT-EXEC-001/results/evaluation_run_v1/results/evaluation/metrics/10_modification_code_confusion.json	dda33509ebd04c5ba14ab24a845b9f756e2bda9affdd873f74f14f0c9271383b
EVALUATION	11_row_order	LEGAL_TRANSFORMATION	30467	0.07407758742004508	0.0813083601327412	0.8894388529772299	0.2383370449155335	0.0	NUMERICALLY_UNCHANGED_BRIER	execution/RMT-EXEC-001/results/evaluation_run_v1/results/evaluation/metrics/11_row_order.json	74a1917052e663e374956e445a747f098d7c2ac3ba7b22a2e419c5f471ea3536
EVALUATION	12_compression	LEGAL_TRANSFORMATION	30467	0.07407758742004508	0.0813083601327412	0.8894388529772299	0.2383370449155335	0.0	NUMERICALLY_UNCHANGED_BRIER	execution/RMT-EXEC-001/results/evaluation_run_v1/results/evaluation/metrics/12_compression.json	74a1917052e663e374956e445a747f098d7c2ac3ba7b22a2e419c5f471ea3536
EVALUATION	13_irrelevant_column	LEGAL_TRANSFORMATION	30467	0.07407758742004508	0.0813083601327412	0.8894388529772299	0.2383370449155335	0.0	NUMERICALLY_UNCHANGED_BRIER	execution/RMT-EXEC-001/results/evaluation_run_v1/results/evaluation/metrics/13_irrelevant_column.json	74a1917052e663e374956e445a747f098d7c2ac3ba7b22a2e419c5f471ea3536
EVALUATION	14_documented_bijective_rename	LEGAL_TRANSFORMATION	30467	0.07407758742004508	0.0813083601327412	0.8894388529772299	0.2383370449155335	0.0	NUMERICALLY_UNCHANGED_BRIER	execution/RMT-EXEC-001/results/evaluation_run_v1/results/evaluation/metrics/14_documented_bijective_rename.json	74a1917052e663e374956e445a747f098d7c2ac3ba7b22a2e419c5f471ea3536
EVALUATION	15_disjoint_merge	LEGAL_TRANSFORMATION	30467	0.07407758742004508	0.0813083601327412	0.8894388529772299	0.2383370449155335	0.0	NUMERICALLY_UNCHANGED_BRIER	execution/RMT-EXEC-001/results/evaluation_run_v1/results/evaluation/metrics/15_disjoint_merge.json	74a1917052e663e374956e445a747f098d7c2ac3ba7b22a2e419c5f471ea3536
EVALUATION	16_documented_coordinate_conversion	LEGAL_TRANSFORMATION	30467	0.07407758742004508	0.0813083601327412	0.8894388529772299	0.2383370449155335	0.0	NUMERICALLY_UNCHANGED_BRIER	execution/RMT-EXEC-001/results/evaluation_run_v1/results/evaluation/metrics/16_documented_coordinate_conversion.json	74a1917052e663e374956e445a747f098d7c2ac3ba7b22a2e419c5f471ea3536
