release	subset	condition	opportunities	eligible	native_explicit	retained	scored	control	modified	modified_fraction	scored_opportunity_fraction
2025_DRACH	full	canonical	393828	389127	213372	393828	213372	20877	192495	0.9021567965806198	0.5417898168743716
2025_DRACH	full	high_p_filter	393828	389127	213372	170214	170214	742	169472	0.9956407816043333	0.4322039062738048
2025_DRACH	full	missing_zero	393828	389127	213372	393828	389127	195537	193590	0.4974982460739039	0.9880633169810171
2025_DRACH	full	site_mean_as_read	393828	389127	213372	393828	213372	20877	192495	0.9021567965806198	0.5417898168743716
2025_DRACH	original_first100	canonical	3957	3909	2332	3957	2332	389	1943	0.8331903945111492	0.5893353550669699
2025_DRACH	original_first100	high_p_filter	3957	3909	2332	1585	1585	3	1582	0.9981072555205047	0.40055597675006316
2025_DRACH	original_first100	missing_zero	3957	3909	2332	3957	3909	1957	1952	0.4993604502430289	0.9878695981804397
2025_DRACH	original_first100	site_mean_as_read	3957	3909	2332	3957	2332	389	1943	0.8331903945111492	0.5893353550669699
2025_DRACH	seed_101	canonical	3940	3891	2164	3940	2164	227	1937	0.8951016635859519	0.5492385786802031
2025_DRACH	seed_101	high_p_filter	3940	3891	2164	1719	1719	16	1703	0.9906922629435718	0.43629441624365484
2025_DRACH	seed_101	missing_zero	3940	3891	2164	3940	3891	1945	1946	0.5001285016705217	0.9875634517766497
2025_DRACH	seed_101	site_mean_as_read	3940	3891	2164	3940	2164	227	1937	0.8951016635859519	0.5492385786802031
2025_DRACH	seed_11	canonical	3934	3880	2142	3934	2142	212	1930	0.9010270774976658	0.5444839857651246
2025_DRACH	seed_11	high_p_filter	3934	3880	2142	1708	1708	5	1703	0.997072599531616	0.43416370106761565
2025_DRACH	seed_11	missing_zero	3934	3880	2142	3934	3880	1942	1938	0.49948453608247423	0.9862735129639044
2025_DRACH	seed_11	site_mean_as_read	3934	3880	2142	3934	2142	212	1930	0.9010270774976658	0.5444839857651246
2025_DRACH	seed_29	canonical	3939	3888	2122	3939	2122	205	1917	0.9033930254476908	0.5387154100025388
2025_DRACH	seed_29	high_p_filter	3939	3888	2122	1695	1695	6	1689	0.9964601769911504	0.4303122619954303
2025_DRACH	seed_29	missing_zero	3939	3888	2122	3939	3888	1960	1928	0.49588477366255146	0.9870525514089871
2025_DRACH	seed_29	site_mean_as_read	3939	3888	2122	3939	2122	205	1917	0.9033930254476908	0.5387154100025388
2025_DRACH	seed_47	canonical	3935	3896	2147	3935	2147	217	1930	0.8989287377736377	0.5456162642947904
2025_DRACH	seed_47	high_p_filter	3935	3896	2147	1713	1713	6	1707	0.9964973730297724	0.43532401524777636
2025_DRACH	seed_47	missing_zero	3935	3896	2147	3935	3896	1955	1941	0.49820328542094455	0.9900889453621347
2025_DRACH	seed_47	site_mean_as_read	3935	3896	2147	3935	2147	217	1930	0.8989287377736377	0.5456162642947904
2025_DRACH	seed_71	canonical	3940	3901	2175	3940	2175	231	1944	0.8937931034482759	0.5520304568527918
2025_DRACH	seed_71	high_p_filter	3940	3901	2175	1712	1712	6	1706	0.9964953271028038	0.43451776649746193
2025_DRACH	seed_71	missing_zero	3940	3901	2175	3940	3901	1949	1952	0.5003845167905665	0.9901015228426396
2025_DRACH	seed_71	site_mean_as_read	3940	3901	2175	3940	2175	231	1944	0.8937931034482759	0.5520304568527918
2026_all5mer	full	canonical	4682505	4608734	2940322	4682505	2940322	680046	2260276	0.7687171677115635	0.6279378238784582
2026_all5mer	full	high_p_filter	4682505	4608734	2940322	1641843	1641843	11173	1630670	0.9931948426250257	0.350633475030993
2026_all5mer	full	missing_zero	4682505	4608734	2940322	4682505	4608734	2326496	2282238	0.4951984644807012	0.9842453985633758
2026_all5mer	full	site_mean_as_read	4682505	4608734	2940322	4682505	2940322	680046	2260276	0.7687171677115635	0.6279378238784582
2026_all5mer	original_first100	canonical	48487	47791	30467	48487	30467	6826	23641	0.7759543112219779	0.6283539917916142
2026_all5mer	original_first100	high_p_filter	48487	47791	30467	17380	17380	112	17268	0.9935558112773303	0.35844659393239425
2026_all5mer	original_first100	missing_zero	48487	47791	30467	48487	47791	23927	23864	0.4993408800820238	0.9856456369748593
2026_all5mer	original_first100	site_mean_as_read	48487	47791	30467	48487	30467	6826	23641	0.7759543112219779	0.6283539917916142
2026_all5mer	seed_101	canonical	48284	47507	30486	48284	30486	6942	23544	0.7722889195040347	0.6313892800927844
2026_all5mer	seed_101	high_p_filter	48284	47507	30486	16942	16942	101	16841	0.9940384842403495	0.35088227984425485
2026_all5mer	seed_101	missing_zero	48284	47507	30486	48284	47507	23721	23786	0.500684109710148	0.9839077126998592
2026_all5mer	seed_101	site_mean_as_read	48284	47507	30486	48284	30486	6942	23544	0.7722889195040347	0.6313892800927844
2026_all5mer	seed_11	canonical	48350	47588	30428	48350	30428	6865	23563	0.7743854344682529	0.6293278179937952
2026_all5mer	seed_11	high_p_filter	48350	47588	30428	17108	17108	97	17011	0.9943301379471592	0.35383660806618406
2026_all5mer	seed_11	missing_zero	48350	47588	30428	48350	47588	23804	23784	0.4997898629906699	0.9842399172699069
2026_all5mer	seed_11	site_mean_as_read	48350	47588	30428	48350	30428	6865	23563	0.7743854344682529	0.6293278179937952
2026_all5mer	seed_29	canonical	48334	47565	30450	48334	30450	6931	23519	0.7723809523809524	0.6299913104646833
2026_all5mer	seed_29	high_p_filter	48334	47565	30450	16941	16941	95	16846	0.9943923026975976	0.3504986138122233
2026_all5mer	seed_29	missing_zero	48334	47565	30450	48334	47565	23813	23752	0.4993587722064543	0.984089874622419
2026_all5mer	seed_29	site_mean_as_read	48334	47565	30450	48334	30450	6931	23519	0.7723809523809524	0.6299913104646833
2026_all5mer	seed_47	canonical	48396	47561	30485	48396	30485	6932	23553	0.7726094800721667	0.6299074303661459
2026_all5mer	seed_47	high_p_filter	48396	47561	30485	17163	17163	133	17030	0.9922507720095555	0.3546367468385817
2026_all5mer	seed_47	missing_zero	48396	47561	30485	48396	47561	23794	23767	0.49971615399171593	0.9827465079758658
2026_all5mer	seed_47	site_mean_as_read	48396	47561	30485	48396	30485	6932	23553	0.7726094800721667	0.6299074303661459
2026_all5mer	seed_71	canonical	48319	47545	30529	48319	30529	7009	23520	0.7704150152314193	0.6318218506177694
2026_all5mer	seed_71	high_p_filter	48319	47545	30529	17136	17136	126	17010	0.9926470588235294	0.354643101057555
2026_all5mer	seed_71	missing_zero	48319	47545	30529	48319	47545	23778	23767	0.49988432011778317	0.9839814565698793
2026_all5mer	seed_71	site_mean_as_read	48319	47545	30529	48319	30529	7009	23520	0.7704150152314193	0.6318218506177694
