release	construct	truth_class	opportunities	eligible	explicit	eligible_fraction	explicit_fraction	explicit_given_eligible	analysis_class
2025_DRACH	ALL	Control	197563	195537	20877	0.9897450433532594	0.10567262088548969	0.10676751714509275	POSTHOC_ROBUSTNESS_ANALYSIS
2025_DRACH	ALL	Modified	196265	193590	192495	0.9863704684992229	0.9807912770998395	0.9943437161010382	POSTHOC_ROBUSTNESS_ANALYSIS
2025_DRACH	DRACH_oligo_0	Control	39383	39081	3655	0.9923317167305691	0.09280654089327883	0.09352370717228321	POSTHOC_ROBUSTNESS_ANALYSIS
2025_DRACH	DRACH_oligo_0	Modified	39538	39140	38849	0.9899337346350346	0.982573726541555	0.99256515074093	POSTHOC_ROBUSTNESS_ANALYSIS
2025_DRACH	DRACH_oligo_1	Control	39197	38816	3535	0.9902798683572722	0.09018547337806465	0.09107069249793899	POSTHOC_ROBUSTNESS_ANALYSIS
2025_DRACH	DRACH_oligo_1	Modified	39082	38623	38411	0.9882554628729339	0.982830970779387	0.9945110426429847	POSTHOC_ROBUSTNESS_ANALYSIS
2025_DRACH	DRACH_oligo_2	Control	39772	39238	6944	0.9865734687720004	0.1745951925978075	0.17697130332840613	POSTHOC_ROBUSTNESS_ANALYSIS
2025_DRACH	DRACH_oligo_2	Modified	39235	38495	38253	0.9811392889002166	0.9749713266216389	0.9937134692817249	POSTHOC_ROBUSTNESS_ANALYSIS
2025_DRACH	DRACH_oligo_3	Control	39634	39295	3732	0.9914467376494929	0.09416157844275118	0.09497391525639394	POSTHOC_ROBUSTNESS_ANALYSIS
2025_DRACH	DRACH_oligo_3	Modified	39154	38668	38487	0.9875874750983297	0.9829647034785718	0.9953191269266577	POSTHOC_ROBUSTNESS_ANALYSIS
2025_DRACH	DRACH_oligo_4	Control	39577	39107	3011	0.9881244156959851	0.07607954114763625	0.07699388856215	POSTHOC_ROBUSTNESS_ANALYSIS
2025_DRACH	DRACH_oligo_4	Modified	39256	38664	38495	0.9849195027511718	0.980614428367638	0.9956290088971653	POSTHOC_ROBUSTNESS_ANALYSIS
2026_all5mer	5mers_A_RNA_sparse_seq_01	Control	73966	72769	24406	0.9838168888408187	0.3299624151637239	0.3353900699473677	POSTHOC_ROBUSTNESS_ANALYSIS
2026_all5mer	5mers_A_RNA_sparse_seq_01	Modified	72043	70521	69619	0.9788737281901086	0.9663534278139444	0.9872094836998908	POSTHOC_ROBUSTNESS_ANALYSIS
2026_all5mer	5mers_A_RNA_sparse_seq_02	Control	73580	72370	22507	0.9835553139440065	0.3058847512911117	0.3109990327483764	POSTHOC_ROBUSTNESS_ANALYSIS
2026_all5mer	5mers_A_RNA_sparse_seq_02	Modified	72171	71172	70623	0.9861578750467639	0.9785509415139044	0.9922862923621649	POSTHOC_ROBUSTNESS_ANALYSIS
2026_all5mer	5mers_A_RNA_sparse_seq_03	Control	76011	75191	20000	0.9892120877241452	0.2631198116062149	0.2659892806319905	POSTHOC_ROBUSTNESS_ANALYSIS
2026_all5mer	5mers_A_RNA_sparse_seq_03	Modified	72803	71868	71400	0.9871571226460448	0.9807288161202148	0.9934880614459843	POSTHOC_ROBUSTNESS_ANALYSIS
2026_all5mer	5mers_A_RNA_sparse_seq_04	Control	74257	73395	21962	0.9883916667788896	0.295756629004673	0.2992301927924246	POSTHOC_ROBUSTNESS_ANALYSIS
2026_all5mer	5mers_A_RNA_sparse_seq_04	Modified	71382	70253	69619	0.9841836877644224	0.9753018968367375	0.990975474356967	POSTHOC_ROBUSTNESS_ANALYSIS
2026_all5mer	5mers_A_RNA_sparse_seq_05	Control	72808	72119	21025	0.9905367542028348	0.28877321173497417	0.29153205119316683	POSTHOC_ROBUSTNESS_ANALYSIS
2026_all5mer	5mers_A_RNA_sparse_seq_05	Modified	74353	73753	73382	0.9919303861310236	0.9869406748887066	0.9949696961479533	POSTHOC_ROBUSTNESS_ANALYSIS
2026_all5mer	5mers_A_RNA_sparse_seq_06	Control	76086	75164	20639	0.987882133375391	0.2712588386825434	0.27458623809270394	POSTHOC_ROBUSTNESS_ANALYSIS
2026_all5mer	5mers_A_RNA_sparse_seq_06	Modified	75318	73985	73212	0.9823017074271755	0.9720385565203536	0.9895519362032844	POSTHOC_ROBUSTNESS_ANALYSIS
2026_all5mer	5mers_A_RNA_sparse_seq_07	Control	74968	74180	19389	0.9894888485753922	0.25863034894888487	0.26137772984631974	POSTHOC_ROBUSTNESS_ANALYSIS
2026_all5mer	5mers_A_RNA_sparse_seq_07	Modified	71358	70341	69521	0.9857479189439166	0.9742565654867008	0.9883425029499154	POSTHOC_ROBUSTNESS_ANALYSIS
2026_all5mer	5mers_A_RNA_sparse_seq_08	Control	75951	75180	16571	0.9898487182525576	0.21818014246027043	0.22041766427241288	POSTHOC_ROBUSTNESS_ANALYSIS
2026_all5mer	5mers_A_RNA_sparse_seq_08	Modified	73604	72439	71528	0.984172055866529	0.9717950111406989	0.9874239014895291	POSTHOC_ROBUSTNESS_ANALYSIS
2026_all5mer	5mers_A_RNA_sparse_seq_09	Control	73973	72715	20457	0.982993795033323	0.2765468481743339	0.2813312246441587	POSTHOC_ROBUSTNESS_ANALYSIS
2026_all5mer	5mers_A_RNA_sparse_seq_09	Modified	73124	71616	70856	0.9793774957606258	0.9689841912368032	0.9893878462913316	POSTHOC_ROBUSTNESS_ANALYSIS
2026_all5mer	5mers_A_RNA_sparse_seq_10	Control	71263	70338	16556	0.9870199121563785	0.23232252360972735	0.23537774744803663	POSTHOC_ROBUSTNESS_ANALYSIS
2026_all5mer	5mers_A_RNA_sparse_seq_10	Modified	69418	68199	67861	0.9824397130427267	0.9775706589069117	0.9950439155999354	POSTHOC_ROBUSTNESS_ANALYSIS
2026_all5mer	5mers_A_RNA_sparse_seq_11	Control	74685	73993	23470	0.9907344178884648	0.3142531967597242	0.3171921668265917	POSTHOC_ROBUSTNESS_ANALYSIS
2026_all5mer	5mers_A_RNA_sparse_seq_11	Modified	72892	72158	71598	0.9899303078527136	0.9822477089392526	0.9922392527509077	POSTHOC_ROBUSTNESS_ANALYSIS
2026_all5mer	5mers_A_RNA_sparse_seq_12	Control	74252	73447	20730	0.9891585411840759	0.2791843990734256	0.2822443394556619	POSTHOC_ROBUSTNESS_ANALYSIS
2026_all5mer	5mers_A_RNA_sparse_seq_12	Modified	74256	73463	72306	0.9893207282913166	0.9737394957983193	0.9842505751194479	POSTHOC_ROBUSTNESS_ANALYSIS
2026_all5mer	5mers_A_RNA_sparse_seq_13	Control	74437	72576	16692	0.9749989924365571	0.22424331985437349	0.22999338624338625	POSTHOC_ROBUSTNESS_ANALYSIS
2026_all5mer	5mers_A_RNA_sparse_seq_13	Modified	72970	70966	70381	0.9725366589009182	0.9645196656160065	0.991756615844207	POSTHOC_ROBUSTNESS_ANALYSIS
2026_all5mer	5mers_A_RNA_sparse_seq_14	Control	74624	73771	20738	0.9885693610634648	0.27789987135506006	0.2811131745536864	POSTHOC_ROBUSTNESS_ANALYSIS
2026_all5mer	5mers_A_RNA_sparse_seq_14	Modified	72869	71627	71165	0.9829557150502958	0.9766155704071691	0.9935499183268879	POSTHOC_ROBUSTNESS_ANALYSIS
2026_all5mer	5mers_A_RNA_sparse_seq_15	Control	72411	71532	26849	0.9878609603513279	0.37078620651558464	0.3753425040541296	POSTHOC_ROBUSTNESS_ANALYSIS
2026_all5mer	5mers_A_RNA_sparse_seq_15	Modified	72849	71798	71088	0.9855728973630387	0.9758267100440637	0.9901111451572467	POSTHOC_ROBUSTNESS_ANALYSIS
2026_all5mer	5mers_A_RNA_sparse_seq_16	Control	68695	67375	27974	0.9807846277021617	0.40722032171191497	0.4151985157699443	POSTHOC_ROBUSTNESS_ANALYSIS
2026_all5mer	5mers_A_RNA_sparse_seq_16	Modified	71120	69692	68596	0.9799212598425197	0.9645106861642295	0.9842736612523676	POSTHOC_ROBUSTNESS_ANALYSIS
2026_all5mer	5mers_A_RNA_sparse_seq_17	Control	72145	71127	19109	0.9858895280338208	0.2648693603160302	0.2686602837178568	POSTHOC_ROBUSTNESS_ANALYSIS
2026_all5mer	5mers_A_RNA_sparse_seq_17	Modified	69325	68050	67600	0.9816083663901911	0.9751172015867292	0.9933872152828802	POSTHOC_ROBUSTNESS_ANALYSIS
2026_all5mer	5mers_A_RNA_sparse_seq_18	Control	74475	73950	19397	0.9929506545820745	0.2604498153742867	0.26229885057471264	POSTHOC_ROBUSTNESS_ANALYSIS
2026_all5mer	5mers_A_RNA_sparse_seq_18	Modified	72727	72250	71759	0.9934412254045952	0.9866899500873129	0.9932041522491349	POSTHOC_ROBUSTNESS_ANALYSIS
2026_all5mer	5mers_A_RNA_sparse_seq_19	Control	74940	73016	13762	0.9743261275687216	0.18364024552975713	0.18847923742741318	POSTHOC_ROBUSTNESS_ANALYSIS
2026_all5mer	5mers_A_RNA_sparse_seq_19	Modified	73293	70540	70027	0.9624384320467166	0.9554391278839726	0.9927275304791607	POSTHOC_ROBUSTNESS_ANALYSIS
2026_all5mer	5mers_A_RNA_sparse_seq_20	Control	75427	73849	27734	0.9790791096026622	0.36769326633698807	0.3755501090062154	POSTHOC_ROBUSTNESS_ANALYSIS
2026_all5mer	5mers_A_RNA_sparse_seq_20	Modified	75137	72786	72206	0.9687104888403849	0.9609912559724237	0.9920314346165472	POSTHOC_ROBUSTNESS_ANALYSIS
2026_all5mer	5mers_A_RNA_sparse_seq_21	Control	74673	73737	20124	0.9874653489212969	0.26949499819211764	0.2729159038203344	POSTHOC_ROBUSTNESS_ANALYSIS
2026_all5mer	5mers_A_RNA_sparse_seq_21	Modified	71724	70875	70175	0.9881629580056884	0.9784033238525459	0.9901234567901235	POSTHOC_ROBUSTNESS_ANALYSIS
2026_all5mer	5mers_A_RNA_sparse_seq_22	Control	73671	72255	27698	0.980779411165859	0.3759688344124554	0.3833367933015016	POSTHOC_ROBUSTNESS_ANALYSIS
2026_all5mer	5mers_A_RNA_sparse_seq_22	Modified	70591	68555	67673	0.9711577963196442	0.9586632856879772	0.9871344176208884	POSTHOC_ROBUSTNESS_ANALYSIS
2026_all5mer	5mers_A_RNA_sparse_seq_23	Control	73766	72838	22688	0.987419678442643	0.3075671718677982	0.31148576292594526	POSTHOC_ROBUSTNESS_ANALYSIS
2026_all5mer	5mers_A_RNA_sparse_seq_23	Modified	72664	71284	70615	0.9810084773753165	0.97180171749422	0.9906150047696538	POSTHOC_ROBUSTNESS_ANALYSIS
2026_all5mer	5mers_A_RNA_sparse_seq_24	Control	75139	74104	26394	0.9862255286868338	0.3512689814876429	0.356175105257476	POSTHOC_ROBUSTNESS_ANALYSIS
2026_all5mer	5mers_A_RNA_sparse_seq_24	Modified	73599	72358	71996	0.9831383578581231	0.9782198127691952	0.9949970977638962	POSTHOC_ROBUSTNESS_ANALYSIS
2026_all5mer	5mers_A_RNA_sparse_seq_25	Control	73151	72225	21884	0.9873412530245657	0.29916200735465	0.3029975770162686	POSTHOC_ROBUSTNESS_ANALYSIS
2026_all5mer	5mers_A_RNA_sparse_seq_25	Modified	73872	73023	71887	0.9885071474983755	0.9731291964479098	0.9844432576037687	POSTHOC_ROBUSTNESS_ANALYSIS
2026_all5mer	5mers_A_RNA_sparse_seq_26	Control	72282	71237	21806	0.9855427353974711	0.30167953294042776	0.3061049735390317	POSTHOC_ROBUSTNESS_ANALYSIS
2026_all5mer	5mers_A_RNA_sparse_seq_26	Modified	73099	72290	71845	0.9889328171384013	0.9828451825606369	0.9938442384838844	POSTHOC_ROBUSTNESS_ANALYSIS
2026_all5mer	5mers_A_RNA_sparse_seq_27	Control	73821	72695	18495	0.9847468877419704	0.25053846466452634	0.2544191484971456	POSTHOC_ROBUSTNESS_ANALYSIS
2026_all5mer	5mers_A_RNA_sparse_seq_27	Modified	74217	73413	72733	0.9891669024617001	0.9800045811606505	0.9907373353493251	POSTHOC_ROBUSTNESS_ANALYSIS
2026_all5mer	5mers_A_RNA_sparse_seq_28	Control	73628	72566	17403	0.9855761395121421	0.2363638833052643	0.23982305763029518	POSTHOC_ROBUSTNESS_ANALYSIS
2026_all5mer	5mers_A_RNA_sparse_seq_28	Modified	72386	70997	69357	0.9808112065869091	0.9581548918299119	0.9769004324126371	POSTHOC_ROBUSTNESS_ANALYSIS
2026_all5mer	5mers_A_RNA_sparse_seq_29	Control	74562	73326	15919	0.983423191437998	0.21350017435154636	0.2170989826255353	POSTHOC_ROBUSTNESS_ANALYSIS
2026_all5mer	5mers_A_RNA_sparse_seq_29	Modified	72071	70884	70555	0.9835301300106839	0.9789651871071582	0.9953586140736979	POSTHOC_ROBUSTNESS_ANALYSIS
2026_all5mer	5mers_A_RNA_sparse_seq_30	Control	72183	70766	25263	0.9803693390410484	0.3499854536386684	0.3569934714410875	POSTHOC_ROBUSTNESS_ANALYSIS
2026_all5mer	5mers_A_RNA_sparse_seq_30	Modified	69412	68036	67464	0.9801763383852936	0.9719356883535988	0.9915926862249398	POSTHOC_ROBUSTNESS_ANALYSIS
2026_all5mer	5mers_A_RNA_sparse_seq_31	Control	74005	72861	15271	0.9845415850280387	0.20635092223498414	0.20959086479735387	POSTHOC_ROBUSTNESS_ANALYSIS
2026_all5mer	5mers_A_RNA_sparse_seq_31	Modified	73462	72502	71628	0.9869320192752715	0.9750347118238001	0.9879451601335135	POSTHOC_ROBUSTNESS_ANALYSIS
2026_all5mer	5mers_A_RNA_sparse_seq_32	Control	71128	69829	27134	0.9817371499268923	0.38148127319761554	0.3885778115109768	POSTHOC_ROBUSTNESS_ANALYSIS
2026_all5mer	5mers_A_RNA_sparse_seq_32	Modified	71433	70544	70001	0.9875547716041605	0.9799532428989403	0.9923026763438422	POSTHOC_ROBUSTNESS_ANALYSIS
2026_all5mer	ALL	Control	2360963	2326496	680046	0.9854012959965912	0.2880375507790677	0.2923048223594625	POSTHOC_ROBUSTNESS_ANALYSIS
2026_all5mer	ALL	Modified	2321542	2282238	2260276	0.9830698733858789	0.9736097817743552	0.9903769896040641	POSTHOC_ROBUSTNESS_ANALYSIS
