case_id	family	kind	role	method	actual_status	endpoint_supported	endpoint_result	detects_error	legal_false_rejection	affected_records	localized_records	localization_recall	localization_precision	all_explanations_have_locators	recovery_status	recovery_equivalent	wall_seconds	peak_rss_kib
00_canonical	canonical	CANONICAL	DEVELOPMENT	B0	ACCEPT	False	UNASSESSED		False	0	0				UNSUPPORTED		0.10500001200125553	30620
00_canonical	canonical	CANONICAL	DEVELOPMENT	B1	ACCEPT	True	SUPPORTED_SCOPE_ACCEPT		False	0	0				UNSUPPORTED		0.18579778800631175	43860
00_canonical	canonical	CANONICAL	DEVELOPMENT	B2	ACCEPT	True	ACCEPT		False	0	0				NOT_NEEDED		0.19407121800031746	37492
00_canonical	canonical	CANONICAL	DEVELOPMENT	RMT	ACCEPT	True	ACCEPT		False	0	0				NOT_NEEDED		0.12295957600144902	31960
01_sample_reference_BED_mismatch	sample_reference_BED_mismatch	CONTROLLED_ERROR	DEVELOPMENT	B0	ACCEPT	False	UNASSESSED			3957	0	0.0			UNSUPPORTED		0.09535521599900676	30788
01_sample_reference_BED_mismatch	sample_reference_BED_mismatch	CONTROLLED_ERROR	DEVELOPMENT	B1	REJECT	True	REJECT	True		3957	3957	1.0	1.0	True	UNSUPPORTED		0.18122387699986575	43812
01_sample_reference_BED_mismatch	sample_reference_BED_mismatch	CONTROLLED_ERROR	DEVELOPMENT	B2	REJECT	True	REJECT	True		3957	3957	1.0	1.0	True	RECOVERED_SOURCE_DETERMINED	True	0.49766205999912927	51716
01_sample_reference_BED_mismatch	sample_reference_BED_mismatch	CONTROLLED_ERROR	DEVELOPMENT	RMT	REJECT	True	REJECT	True		3957	3957	1.0	1.0	True	RECOVERED_SOURCE_DETERMINED	True	0.3634023939957842	46300
02_declared_zero_one_based_coordinate_error	declared_zero_one_based_coordinate_error	CONTROLLED_ERROR	DEVELOPMENT	B0	ACCEPT	False	UNASSESSED			3957	0	0.0			UNSUPPORTED		0.10893090599711286	32324
02_declared_zero_one_based_coordinate_error	declared_zero_one_based_coordinate_error	CONTROLLED_ERROR	DEVELOPMENT	B1	REJECT	True	REJECT	True		3957	3957	1.0	1.0	True	UNSUPPORTED		0.24479219999921042	44112
02_declared_zero_one_based_coordinate_error	declared_zero_one_based_coordinate_error	CONTROLLED_ERROR	DEVELOPMENT	B2	REJECT	True	REJECT	True		3957	3957	1.0	1.0	True	RECOVERED_SOURCE_DETERMINED	True	0.5191460830028518	51920
02_declared_zero_one_based_coordinate_error	declared_zero_one_based_coordinate_error	CONTROLLED_ERROR	DEVELOPMENT	RMT	REJECT	True	REJECT	True		3957	3957	1.0	1.0	True	RECOVERED_SOURCE_DETERMINED	True	0.3517814590013586	46488
03_strand_or_reference_version_conflict	strand_or_reference_version_conflict	CONTROLLED_ERROR	DEVELOPMENT	B0	ACCEPT	False	UNASSESSED			1	0	0.0			UNSUPPORTED		0.09192121700471034	32324
03_strand_or_reference_version_conflict	strand_or_reference_version_conflict	CONTROLLED_ERROR	DEVELOPMENT	B1	REJECT	True	REJECT	True		1	1	1.0	1.0	True	UNSUPPORTED		0.16209145900211297	44084
03_strand_or_reference_version_conflict	strand_or_reference_version_conflict	CONTROLLED_ERROR	DEVELOPMENT	B2	REJECT	True	REJECT	True		1	1	1.0	1.0	True	REFUSED_NOT_IDENTIFIABLE_OR_OUTSIDE_WHITELIST		0.17725599899858935	37204
03_strand_or_reference_version_conflict	strand_or_reference_version_conflict	CONTROLLED_ERROR	DEVELOPMENT	RMT	REJECT	True	REJECT	True		1	1	1.0	1.0	True	REFUSED_NOT_IDENTIFIABLE_OR_OUTSIDE_WHITELIST		0.12662547899526544	32324
04_lost_sample_join_key	lost_sample_join_key	CONTROLLED_ERROR	DEVELOPMENT	B0	ACCEPT	False	UNASSESSED			3957	0	0.0			UNSUPPORTED		0.08594936600275105	32324
04_lost_sample_join_key	lost_sample_join_key	CONTROLLED_ERROR	DEVELOPMENT	B1	REJECT	True	REJECT	True		3957	3957	1.0	1.0	True	UNSUPPORTED		0.17786096900090342	44052
04_lost_sample_join_key	lost_sample_join_key	CONTROLLED_ERROR	DEVELOPMENT	B2	REJECT	True	REJECT	True		3957	3957	1.0	1.0	True	REFUSED_NOT_IDENTIFIABLE_OR_OUTSIDE_WHITELIST		0.19712103799975011	37476
04_lost_sample_join_key	lost_sample_join_key	CONTROLLED_ERROR	DEVELOPMENT	RMT	REJECT	True	REJECT	True		3957	3957	1.0	1.0	True	REFUSED_NOT_IDENTIFIABLE_OR_OUTSIDE_WHITELIST		0.1442184100014856	32324
05_read_index_reuse_across_runs	read_index_reuse_across_runs	CONTROLLED_ERROR	DEVELOPMENT	B0	ACCEPT	False	UNASSESSED			1	0	0.0			UNSUPPORTED		0.09706715800712118	32324
05_read_index_reuse_across_runs	read_index_reuse_across_runs	CONTROLLED_ERROR	DEVELOPMENT	B1	REJECT	True	REJECT	True		1	1	1.0	1.0	True	UNSUPPORTED		0.18989088100352092	43804
05_read_index_reuse_across_runs	read_index_reuse_across_runs	CONTROLLED_ERROR	DEVELOPMENT	B2	REJECT	True	REJECT	True		1	1	1.0	1.0	True	RECOVERED_SOURCE_DETERMINED	True	0.46852115799993044	51596
05_read_index_reuse_across_runs	read_index_reuse_across_runs	CONTROLLED_ERROR	DEVELOPMENT	RMT	REJECT	True	REJECT	True		1	1	1.0	1.0	True	RECOVERED_SOURCE_DETERMINED	True	0.35301229899778264	45852
06_duplicate_read_site_counting	duplicate_read_site_counting	CONTROLLED_ERROR	DEVELOPMENT	B0	ACCEPT	False	UNASSESSED			1	0	0.0			UNSUPPORTED		0.09669973500422202	32324
06_duplicate_read_site_counting	duplicate_read_site_counting	CONTROLLED_ERROR	DEVELOPMENT	B1	REJECT	True	REJECT	True		1	1	1.0	1.0	True	UNSUPPORTED		0.20582055100385332	43872
06_duplicate_read_site_counting	duplicate_read_site_counting	CONTROLLED_ERROR	DEVELOPMENT	B2	REJECT	True	REJECT	True		1	1	1.0	1.0	True	RECOVERED_SOURCE_DETERMINED	True	0.48881096900004195	51264
06_duplicate_read_site_counting	duplicate_read_site_counting	CONTROLLED_ERROR	DEVELOPMENT	RMT	REJECT	True	REJECT	True		1	1	1.0	1.0	True	RECOVERED_SOURCE_DETERMINED	True	0.3649675870037754	46016
07_site_score_as_read_probability	site_score_as_read_probability	CONTROLLED_ERROR	DEVELOPMENT	B0	ACCEPT	False	UNASSESSED			2332	0	0.0			UNSUPPORTED		0.09649784999783151	32324
07_site_score_as_read_probability	site_score_as_read_probability	CONTROLLED_ERROR	DEVELOPMENT	B1	ACCEPT	False	UNASSESSED			2332	0	0.0			UNSUPPORTED		0.19654707099834923	44084
07_site_score_as_read_probability	site_score_as_read_probability	CONTROLLED_ERROR	DEVELOPMENT	B2	REJECT	True	REJECT	True		2332	2332	1.0	1.0	True	REFUSED_NOT_IDENTIFIABLE_OR_OUTSIDE_WHITELIST		0.21493735099647893	37824
07_site_score_as_read_probability	site_score_as_read_probability	CONTROLLED_ERROR	DEVELOPMENT	RMT	REJECT	True	REJECT	True		2332	2332	1.0	1.0	True	REFUSED_NOT_IDENTIFIABLE_OR_OUTSIDE_WHITELIST		0.20766818500123918	35588
08_filtered_output_claimed_all_records	filtered_output_claimed_all_records	CONTROLLED_ERROR	DEVELOPMENT	B0	ACCEPT	False	UNASSESSED			2372	0	0.0			UNSUPPORTED		0.061085948000254575	36932
08_filtered_output_claimed_all_records	filtered_output_claimed_all_records	CONTROLLED_ERROR	DEVELOPMENT	B1	ACCEPT	False	UNASSESSED			2372	0	0.0			UNSUPPORTED		0.14273460500407964	40492
08_filtered_output_claimed_all_records	filtered_output_claimed_all_records	CONTROLLED_ERROR	DEVELOPMENT	B2	REJECT	True	REJECT	True		2372	2372	1.0	1.0	True	REFUSED_NOT_IDENTIFIABLE_OR_OUTSIDE_WHITELIST		0.15436119800142478	36932
08_filtered_output_claimed_all_records	filtered_output_claimed_all_records	CONTROLLED_ERROR	DEVELOPMENT	RMT	REJECT	True	REJECT	True		2372	2372	1.0	1.0	True	REFUSED_NOT_IDENTIFIABLE_OR_OUTSIDE_WHITELIST		0.11074145500606392	36932
09_missing_probability_imputed_zero	missing_probability_imputed_zero	CONTROLLED_ERROR	DEVELOPMENT	B0	ACCEPT	False	UNASSESSED			1625	0	0.0			UNSUPPORTED		0.09472085000015795	36932
09_missing_probability_imputed_zero	missing_probability_imputed_zero	CONTROLLED_ERROR	DEVELOPMENT	B1	ACCEPT	False	UNASSESSED			1625	0	0.0			UNSUPPORTED		0.20102139600203373	44072
09_missing_probability_imputed_zero	missing_probability_imputed_zero	CONTROLLED_ERROR	DEVELOPMENT	B2	REJECT	True	REJECT	True		1625	1625	1.0	1.0	True	REFUSED_NOT_IDENTIFIABLE_OR_OUTSIDE_WHITELIST		0.18380874500144273	37772
09_missing_probability_imputed_zero	missing_probability_imputed_zero	CONTROLLED_ERROR	DEVELOPMENT	RMT	REJECT	True	REJECT	True		1625	1625	1.0	1.0	True	REFUSED_NOT_IDENTIFIABLE_OR_OUTSIDE_WHITELIST		0.15086127100221347	36932
10_modification_code_confusion	modification_code_confusion	CONTROLLED_ERROR	DEVELOPMENT	B0	ACCEPT	False	UNASSESSED			3957	0	0.0			UNSUPPORTED		0.08830406999913976	36932
10_modification_code_confusion	modification_code_confusion	CONTROLLED_ERROR	DEVELOPMENT	B1	REJECT	True	REJECT	True		3957	3957	1.0	1.0	True	UNSUPPORTED		0.17466672300361097	44408
10_modification_code_confusion	modification_code_confusion	CONTROLLED_ERROR	DEVELOPMENT	B2	REJECT	True	REJECT	True		3957	3957	1.0	1.0	True	REFUSED_NOT_IDENTIFIABLE_OR_OUTSIDE_WHITELIST		0.18905697100126417	38120
10_modification_code_confusion	modification_code_confusion	CONTROLLED_ERROR	DEVELOPMENT	RMT	REJECT	True	REJECT	True		3957	3957	1.0	1.0	True	REFUSED_NOT_IDENTIFIABLE_OR_OUTSIDE_WHITELIST		0.20125223899958655	36932
11_row_order	row_order	LEGAL_TRANSFORM	DEVELOPMENT	B0	ACCEPT	False	UNASSESSED		False	0	0				UNSUPPORTED		0.09178834699559957	36932
11_row_order	row_order	LEGAL_TRANSFORM	DEVELOPMENT	B1	ACCEPT	True	SUPPORTED_SCOPE_ACCEPT		False	0	0				UNSUPPORTED		0.17548953700315906	44112
11_row_order	row_order	LEGAL_TRANSFORM	DEVELOPMENT	B2	ACCEPT	True	ACCEPT		False	0	0				NOT_NEEDED		0.19625591700605582	37512
11_row_order	row_order	LEGAL_TRANSFORM	DEVELOPMENT	RMT	ACCEPT	True	ACCEPT		False	0	0				NOT_NEEDED		0.14177106600254774	36932
12_compression	compression	LEGAL_TRANSFORM	DEVELOPMENT	B0	ACCEPT	False	UNASSESSED		False	0	0				UNSUPPORTED		0.08128729400050361	36932
12_compression	compression	LEGAL_TRANSFORM	DEVELOPMENT	B1	ACCEPT	True	SUPPORTED_SCOPE_ACCEPT		False	0	0				UNSUPPORTED		0.16802640599780716	44080
12_compression	compression	LEGAL_TRANSFORM	DEVELOPMENT	B2	ACCEPT	True	ACCEPT		False	0	0				NOT_NEEDED		0.1876686520045041	37344
12_compression	compression	LEGAL_TRANSFORM	DEVELOPMENT	RMT	ACCEPT	True	ACCEPT		False	0	0				NOT_NEEDED		0.12472171899571549	36932
13_irrelevant_column	irrelevant_column	LEGAL_TRANSFORM	DEVELOPMENT	B0	ACCEPT	False	UNASSESSED		False	0	0				UNSUPPORTED		0.08940522999910172	37588
13_irrelevant_column	irrelevant_column	LEGAL_TRANSFORM	DEVELOPMENT	B1	ACCEPT	True	SUPPORTED_SCOPE_ACCEPT		False	0	0				UNSUPPORTED		0.16679657399799908	45576
13_irrelevant_column	irrelevant_column	LEGAL_TRANSFORM	DEVELOPMENT	B2	ACCEPT	True	ACCEPT		False	0	0				NOT_NEEDED		0.19344187500246335	39144
13_irrelevant_column	irrelevant_column	LEGAL_TRANSFORM	DEVELOPMENT	RMT	ACCEPT	True	ACCEPT		False	0	0				NOT_NEEDED		0.12789110800076742	37588
14_documented_bijective_rename	documented_bijective_rename	LEGAL_TRANSFORM	DEVELOPMENT	B0	ACCEPT	False	UNASSESSED		False	0	0				UNSUPPORTED		0.09402976500132354	37588
14_documented_bijective_rename	documented_bijective_rename	LEGAL_TRANSFORM	DEVELOPMENT	B1	ACCEPT	True	SUPPORTED_SCOPE_ACCEPT		False	0	0				UNSUPPORTED		0.16336581599898636	44100
14_documented_bijective_rename	documented_bijective_rename	LEGAL_TRANSFORM	DEVELOPMENT	B2	ACCEPT	True	ACCEPT		False	0	0				NOT_NEEDED		0.27687015499395784	37588
14_documented_bijective_rename	documented_bijective_rename	LEGAL_TRANSFORM	DEVELOPMENT	RMT	ACCEPT	True	ACCEPT		False	0	0				NOT_NEEDED		0.14830283699848223	37588
15_disjoint_merge	disjoint_merge	LEGAL_TRANSFORM	DEVELOPMENT	B0	ACCEPT	False	UNASSESSED		False	0	0				UNSUPPORTED		0.09625290000258246	37588
15_disjoint_merge	disjoint_merge	LEGAL_TRANSFORM	DEVELOPMENT	B1	ACCEPT	True	SUPPORTED_SCOPE_ACCEPT		False	0	0				UNSUPPORTED		0.1773712220019661	44200
15_disjoint_merge	disjoint_merge	LEGAL_TRANSFORM	DEVELOPMENT	B2	ACCEPT	True	ACCEPT		False	0	0				NOT_NEEDED		0.20553384000231745	37588
15_disjoint_merge	disjoint_merge	LEGAL_TRANSFORM	DEVELOPMENT	RMT	ACCEPT	True	ACCEPT		False	0	0				NOT_NEEDED		0.1303683770020143	37588
16_documented_coordinate_conversion	documented_coordinate_conversion	LEGAL_TRANSFORM	DEVELOPMENT	B0	ACCEPT	False	UNASSESSED		False	3957	0				UNSUPPORTED		0.09069007299694931	37588
16_documented_coordinate_conversion	documented_coordinate_conversion	LEGAL_TRANSFORM	DEVELOPMENT	B1	ACCEPT	True	SUPPORTED_SCOPE_ACCEPT		False	3957	0				UNSUPPORTED		0.17514081500121392	44108
16_documented_coordinate_conversion	documented_coordinate_conversion	LEGAL_TRANSFORM	DEVELOPMENT	B2	ACCEPT	True	ACCEPT		False	3957	0				NOT_NEEDED		0.18567882099887356	37588
16_documented_coordinate_conversion	documented_coordinate_conversion	LEGAL_TRANSFORM	DEVELOPMENT	RMT	ACCEPT	True	ACCEPT		False	3957	0				NOT_NEEDED		0.14592067299963674	37588
00_canonical	canonical	CANONICAL	EVALUATION	B0	ACCEPT	False	UNASSESSED		False	0	0				UNSUPPORTED		0.5144783220021054	3248732
00_canonical	canonical	CANONICAL	EVALUATION	B1	ACCEPT	True	SUPPORTED_SCOPE_ACCEPT		False	0	0				UNSUPPORTED		1.133477107003273	3248732
00_canonical	canonical	CANONICAL	EVALUATION	B2	ACCEPT	True	ACCEPT		False	0	0				NOT_NEEDED		1.6275809329963522	3248732
00_canonical	canonical	CANONICAL	EVALUATION	RMT	ACCEPT	True	ACCEPT		False	0	0				NOT_NEEDED		1.0588170279952465	3248732
01_sample_reference_BED_mismatch	sample_reference_BED_mismatch	CONTROLLED_ERROR	EVALUATION	B0	ACCEPT	False	UNASSESSED			48487	0	0.0			UNSUPPORTED		0.5201213600012125	3248732
01_sample_reference_BED_mismatch	sample_reference_BED_mismatch	CONTROLLED_ERROR	EVALUATION	B1	REJECT	True	REJECT	True		48487	48487	1.0	1.0	True	UNSUPPORTED		1.1005656329944031	3248732
01_sample_reference_BED_mismatch	sample_reference_BED_mismatch	CONTROLLED_ERROR	EVALUATION	B2	REJECT	True	REJECT	True		48487	48487	1.0	1.0	True	RECOVERED_SOURCE_DETERMINED	True	5.244883981002204	3248732
01_sample_reference_BED_mismatch	sample_reference_BED_mismatch	CONTROLLED_ERROR	EVALUATION	RMT	REJECT	True	REJECT	True		48487	48487	1.0	1.0	True	RECOVERED_SOURCE_DETERMINED	True	3.734017031005351	3248732
02_declared_zero_one_based_coordinate_error	declared_zero_one_based_coordinate_error	CONTROLLED_ERROR	EVALUATION	B0	ACCEPT	False	UNASSESSED			48487	0	0.0			UNSUPPORTED		0.5203363499967963	3248732
02_declared_zero_one_based_coordinate_error	declared_zero_one_based_coordinate_error	CONTROLLED_ERROR	EVALUATION	B1	REJECT	True	REJECT	True		48487	48487	1.0	1.0	True	UNSUPPORTED		1.0659397850031382	3248732
02_declared_zero_one_based_coordinate_error	declared_zero_one_based_coordinate_error	CONTROLLED_ERROR	EVALUATION	B2	REJECT	True	REJECT	True		48487	48487	1.0	1.0	True	RECOVERED_SOURCE_DETERMINED	True	5.109138743006042	3248732
02_declared_zero_one_based_coordinate_error	declared_zero_one_based_coordinate_error	CONTROLLED_ERROR	EVALUATION	RMT	REJECT	True	REJECT	True		48487	48487	1.0	1.0	True	RECOVERED_SOURCE_DETERMINED	True	3.688318900000013	3248732
03_strand_or_reference_version_conflict	strand_or_reference_version_conflict	CONTROLLED_ERROR	EVALUATION	B0	ACCEPT	False	UNASSESSED			1	0	0.0			UNSUPPORTED		0.5387375679929391	3248732
03_strand_or_reference_version_conflict	strand_or_reference_version_conflict	CONTROLLED_ERROR	EVALUATION	B1	REJECT	True	REJECT	True		1	1	1.0	1.0	True	UNSUPPORTED		1.036936580996553	3248732
03_strand_or_reference_version_conflict	strand_or_reference_version_conflict	CONTROLLED_ERROR	EVALUATION	B2	REJECT	True	REJECT	True		1	1	1.0	1.0	True	REFUSED_NOT_IDENTIFIABLE_OR_OUTSIDE_WHITELIST		1.6514293270010967	3248732
03_strand_or_reference_version_conflict	strand_or_reference_version_conflict	CONTROLLED_ERROR	EVALUATION	RMT	REJECT	True	REJECT	True		1	1	1.0	1.0	True	REFUSED_NOT_IDENTIFIABLE_OR_OUTSIDE_WHITELIST		0.9809046409936855	3248732
04_lost_sample_join_key	lost_sample_join_key	CONTROLLED_ERROR	EVALUATION	B0	ACCEPT	False	UNASSESSED			48487	0	0.0			UNSUPPORTED		0.5040385640022578	3248732
04_lost_sample_join_key	lost_sample_join_key	CONTROLLED_ERROR	EVALUATION	B1	REJECT	True	REJECT	True		48487	48487	1.0	1.0	True	UNSUPPORTED		1.091143423000176	3248732
04_lost_sample_join_key	lost_sample_join_key	CONTROLLED_ERROR	EVALUATION	B2	REJECT	True	REJECT	True		48487	48487	1.0	1.0	True	REFUSED_NOT_IDENTIFIABLE_OR_OUTSIDE_WHITELIST		1.825830236004549	3248732
04_lost_sample_join_key	lost_sample_join_key	CONTROLLED_ERROR	EVALUATION	RMT	REJECT	True	REJECT	True		48487	48487	1.0	1.0	True	REFUSED_NOT_IDENTIFIABLE_OR_OUTSIDE_WHITELIST		1.0900390970055014	3248732
05_read_index_reuse_across_runs	read_index_reuse_across_runs	CONTROLLED_ERROR	EVALUATION	B0	ACCEPT	False	UNASSESSED			1	0	0.0			UNSUPPORTED		0.5839501090013073	3248732
05_read_index_reuse_across_runs	read_index_reuse_across_runs	CONTROLLED_ERROR	EVALUATION	B1	REJECT	True	REJECT	True		1	1	1.0	1.0	True	UNSUPPORTED		0.9991817089976394	3248732
05_read_index_reuse_across_runs	read_index_reuse_across_runs	CONTROLLED_ERROR	EVALUATION	B2	REJECT	True	REJECT	True		1	1	1.0	1.0	True	RECOVERED_SOURCE_DETERMINED	True	5.2172742359980475	3248732
05_read_index_reuse_across_runs	read_index_reuse_across_runs	CONTROLLED_ERROR	EVALUATION	RMT	REJECT	True	REJECT	True		1	1	1.0	1.0	True	RECOVERED_SOURCE_DETERMINED	True	3.743470920002437	3248732
06_duplicate_read_site_counting	duplicate_read_site_counting	CONTROLLED_ERROR	EVALUATION	B0	ACCEPT	False	UNASSESSED			1	0	0.0			UNSUPPORTED		0.5335738400026457	3248732
06_duplicate_read_site_counting	duplicate_read_site_counting	CONTROLLED_ERROR	EVALUATION	B1	REJECT	True	REJECT	True		1	1	1.0	1.0	True	UNSUPPORTED		0.9261654030051432	3248732
06_duplicate_read_site_counting	duplicate_read_site_counting	CONTROLLED_ERROR	EVALUATION	B2	REJECT	True	REJECT	True		1	1	1.0	1.0	True	RECOVERED_SOURCE_DETERMINED	True	4.957653095996648	3248732
06_duplicate_read_site_counting	duplicate_read_site_counting	CONTROLLED_ERROR	EVALUATION	RMT	REJECT	True	REJECT	True		1	1	1.0	1.0	True	RECOVERED_SOURCE_DETERMINED	True	4.035114854996209	3248732
07_site_score_as_read_probability	site_score_as_read_probability	CONTROLLED_ERROR	EVALUATION	B0	ACCEPT	False	UNASSESSED			30467	0	0.0			UNSUPPORTED		0.5635391200048616	3248732
07_site_score_as_read_probability	site_score_as_read_probability	CONTROLLED_ERROR	EVALUATION	B1	ACCEPT	False	UNASSESSED			30467	0	0.0			UNSUPPORTED		0.9754059089973453	3248732
07_site_score_as_read_probability	site_score_as_read_probability	CONTROLLED_ERROR	EVALUATION	B2	REJECT	True	REJECT	True		30467	30467	1.0	1.0	True	REFUSED_NOT_IDENTIFIABLE_OR_OUTSIDE_WHITELIST		2.017139939998742	3248732
07_site_score_as_read_probability	site_score_as_read_probability	CONTROLLED_ERROR	EVALUATION	RMT	REJECT	True	REJECT	True		30467	30467	1.0	1.0	True	REFUSED_NOT_IDENTIFIABLE_OR_OUTSIDE_WHITELIST		2.1543231230025413	3248732
08_filtered_output_claimed_all_records	filtered_output_claimed_all_records	CONTROLLED_ERROR	EVALUATION	B0	ACCEPT	False	UNASSESSED			31107	0	0.0			UNSUPPORTED		0.23378875199705362	3248732
08_filtered_output_claimed_all_records	filtered_output_claimed_all_records	CONTROLLED_ERROR	EVALUATION	B1	ACCEPT	False	UNASSESSED			31107	0	0.0			UNSUPPORTED		0.788572411001951	3248732
08_filtered_output_claimed_all_records	filtered_output_claimed_all_records	CONTROLLED_ERROR	EVALUATION	B2	REJECT	True	REJECT	True		31107	31107	1.0	1.0	True	REFUSED_NOT_IDENTIFIABLE_OR_OUTSIDE_WHITELIST		1.1674379390024114	3248732
08_filtered_output_claimed_all_records	filtered_output_claimed_all_records	CONTROLLED_ERROR	EVALUATION	RMT	REJECT	True	REJECT	True		31107	31107	1.0	1.0	True	REFUSED_NOT_IDENTIFIABLE_OR_OUTSIDE_WHITELIST		0.6610676609998336	3248732
09_missing_probability_imputed_zero	missing_probability_imputed_zero	CONTROLLED_ERROR	EVALUATION	B0	ACCEPT	False	UNASSESSED			18020	0	0.0			UNSUPPORTED		0.6350828730064677	3248732
09_missing_probability_imputed_zero	missing_probability_imputed_zero	CONTROLLED_ERROR	EVALUATION	B1	ACCEPT	False	UNASSESSED			18020	0	0.0			UNSUPPORTED		1.07063039100467	3248732
09_missing_probability_imputed_zero	missing_probability_imputed_zero	CONTROLLED_ERROR	EVALUATION	B2	REJECT	True	REJECT	True		18020	18020	1.0	1.0	True	REFUSED_NOT_IDENTIFIABLE_OR_OUTSIDE_WHITELIST		1.9147011169989128	3248732
09_missing_probability_imputed_zero	missing_probability_imputed_zero	CONTROLLED_ERROR	EVALUATION	RMT	REJECT	True	REJECT	True		18020	18020	1.0	1.0	True	REFUSED_NOT_IDENTIFIABLE_OR_OUTSIDE_WHITELIST		1.3009967170000891	3248732
10_modification_code_confusion	modification_code_confusion	CONTROLLED_ERROR	EVALUATION	B0	ACCEPT	False	UNASSESSED			48487	0	0.0			UNSUPPORTED		0.5755695900006685	3248732
10_modification_code_confusion	modification_code_confusion	CONTROLLED_ERROR	EVALUATION	B1	REJECT	True	REJECT	True		48487	48487	1.0	1.0	True	UNSUPPORTED		1.1067959889987833	3248732
10_modification_code_confusion	modification_code_confusion	CONTROLLED_ERROR	EVALUATION	B2	REJECT	True	REJECT	True		48487	48487	1.0	1.0	True	REFUSED_NOT_IDENTIFIABLE_OR_OUTSIDE_WHITELIST		1.932258549000835	3248732
10_modification_code_confusion	modification_code_confusion	CONTROLLED_ERROR	EVALUATION	RMT	REJECT	True	REJECT	True		48487	48487	1.0	1.0	True	REFUSED_NOT_IDENTIFIABLE_OR_OUTSIDE_WHITELIST		1.691984114004299	3248732
11_row_order	row_order	LEGAL_TRANSFORM	EVALUATION	B0	ACCEPT	False	UNASSESSED		False	0	0				UNSUPPORTED		0.62704172499798	3248732
11_row_order	row_order	LEGAL_TRANSFORM	EVALUATION	B1	ACCEPT	True	SUPPORTED_SCOPE_ACCEPT		False	0	0				UNSUPPORTED		1.1534042650018819	3248732
11_row_order	row_order	LEGAL_TRANSFORM	EVALUATION	B2	ACCEPT	True	ACCEPT		False	0	0				NOT_NEEDED		1.7892957029980607	3248732
11_row_order	row_order	LEGAL_TRANSFORM	EVALUATION	RMT	ACCEPT	True	ACCEPT		False	0	0				NOT_NEEDED		1.0477777509950101	3248732
12_compression	compression	LEGAL_TRANSFORM	EVALUATION	B0	ACCEPT	False	UNASSESSED		False	0	0				UNSUPPORTED		0.5228965320056886	3248732
12_compression	compression	LEGAL_TRANSFORM	EVALUATION	B1	ACCEPT	True	SUPPORTED_SCOPE_ACCEPT		False	0	0				UNSUPPORTED		1.136279819002084	3248732
12_compression	compression	LEGAL_TRANSFORM	EVALUATION	B2	ACCEPT	True	ACCEPT		False	0	0				NOT_NEEDED		1.7584318939989316	3248732
12_compression	compression	LEGAL_TRANSFORM	EVALUATION	RMT	ACCEPT	True	ACCEPT		False	0	0				NOT_NEEDED		1.0053355950003606	3248732
13_irrelevant_column	irrelevant_column	LEGAL_TRANSFORM	EVALUATION	B0	ACCEPT	False	UNASSESSED		False	0	0				UNSUPPORTED		0.6341007500013802	3248732
13_irrelevant_column	irrelevant_column	LEGAL_TRANSFORM	EVALUATION	B1	ACCEPT	True	SUPPORTED_SCOPE_ACCEPT		False	0	0				UNSUPPORTED		1.2414361649935017	3248732
13_irrelevant_column	irrelevant_column	LEGAL_TRANSFORM	EVALUATION	B2	ACCEPT	True	ACCEPT		False	0	0				NOT_NEEDED		1.9417786169942701	3248732
13_irrelevant_column	irrelevant_column	LEGAL_TRANSFORM	EVALUATION	RMT	ACCEPT	True	ACCEPT		False	0	0				NOT_NEEDED		1.142336493001494	3248732
14_documented_bijective_rename	documented_bijective_rename	LEGAL_TRANSFORM	EVALUATION	B0	ACCEPT	False	UNASSESSED		False	0	0				UNSUPPORTED		0.6503926670047804	3248732
14_documented_bijective_rename	documented_bijective_rename	LEGAL_TRANSFORM	EVALUATION	B1	ACCEPT	True	SUPPORTED_SCOPE_ACCEPT		False	0	0				UNSUPPORTED		1.110051570001815	3248732
14_documented_bijective_rename	documented_bijective_rename	LEGAL_TRANSFORM	EVALUATION	B2	ACCEPT	True	ACCEPT		False	0	0				NOT_NEEDED		1.8596658929964178	3248732
14_documented_bijective_rename	documented_bijective_rename	LEGAL_TRANSFORM	EVALUATION	RMT	ACCEPT	True	ACCEPT		False	0	0				NOT_NEEDED		1.1540700670011574	3248732
15_disjoint_merge	disjoint_merge	LEGAL_TRANSFORM	EVALUATION	B0	ACCEPT	False	UNASSESSED		False	0	0				UNSUPPORTED		0.6527959680024651	3248732
15_disjoint_merge	disjoint_merge	LEGAL_TRANSFORM	EVALUATION	B1	ACCEPT	True	SUPPORTED_SCOPE_ACCEPT		False	0	0				UNSUPPORTED		1.0546532869993825	3248732
15_disjoint_merge	disjoint_merge	LEGAL_TRANSFORM	EVALUATION	B2	ACCEPT	True	ACCEPT		False	0	0				NOT_NEEDED		1.7832986089997576	3248732
15_disjoint_merge	disjoint_merge	LEGAL_TRANSFORM	EVALUATION	RMT	ACCEPT	True	ACCEPT		False	0	0				NOT_NEEDED		1.0335850720002782	3248732
16_documented_coordinate_conversion	documented_coordinate_conversion	LEGAL_TRANSFORM	EVALUATION	B0	ACCEPT	False	UNASSESSED		False	48487	0				UNSUPPORTED		0.6558693670012872	3248732
16_documented_coordinate_conversion	documented_coordinate_conversion	LEGAL_TRANSFORM	EVALUATION	B1	ACCEPT	True	SUPPORTED_SCOPE_ACCEPT		False	48487	0				UNSUPPORTED		1.0310342669981765	3248732
16_documented_coordinate_conversion	documented_coordinate_conversion	LEGAL_TRANSFORM	EVALUATION	B2	ACCEPT	True	ACCEPT		False	48487	0				NOT_NEEDED		1.8114452969966806	3248732
16_documented_coordinate_conversion	documented_coordinate_conversion	LEGAL_TRANSFORM	EVALUATION	RMT	ACCEPT	True	ACCEPT		False	48487	0				NOT_NEEDED		0.9994132109932252	3248732
