release	subset	Brier_observed	Brier_interval_infimum	Brier_interval_supremum	log_loss	log_loss_interval_infimum	log_loss_interval_supremum	scored
2025_DRACH	full	0.04005012528654932	0.03974858706582485	0.04035929290180504	0.13151708050783012	0.1281202937408935	INFINITE	213372
2025_DRACH	original_first100	0.07357893431779655	0.07305994573629128	0.07410555229383309	0.21659751617016468	0.2136674255742453	0.21955688128380801	2332
2025_DRACH	seed_101	0.04439370513182691	0.0440749981046384	0.044720041553546676	0.15469558712450576	0.14945712822964327	INFINITE	2164
2025_DRACH	seed_11	0.042060328464882044	0.04175014121859681	0.04237814510569853	0.13129939631201204	0.12869136936813477	0.13392973579028175	2142
2025_DRACH	seed_29	0.03919203791497003	0.038894164348749705	0.039497540875721604	0.12513969925675952	0.12249089526238918	0.1278319597874555	2122
2025_DRACH	seed_47	0.03570851404610267	0.035422067060324	0.03600259042641258	0.12003027791660467	0.11653948225426024	INFINITE	2147
2025_DRACH	seed_71	0.04283858200599407	0.042522919753502156	0.04316187365301724	0.13748435290353753	0.13410759594139607	INFINITE	2175
2026_all5mer	full	0.0757031712401732	0.07511927814365309	0.07629469373122455	0.24279349463453048	0.239394638467825	INFINITE	2940322
2026_all5mer	original_first100	0.07407758742004508	0.07350863860113376	0.07465416563348767	0.23833704491553562	0.2349256241318239	INFINITE	30467
2026_all5mer	seed_101	0.0778934601636913	0.07729881960818721	0.07849573011372664	0.2480749096762688	0.2446874314715268	INFINITE	30486
2026_all5mer	seed_11	0.07516022400488064	0.07457933141317978	0.07574874599111273	0.24014901125271668	0.2368228429009847	INFINITE	30428
2026_all5mer	seed_29	0.0753649333584289	0.07478075700831922	0.07595673910306984	0.2416624648890758	0.23834138519977893	INFINITE	30450
2026_all5mer	seed_47	0.0761143281926322	0.07553004183025464	0.07670624394954101	0.24319179490579054	0.2398277692882896	INFINITE	30485
2026_all5mer	seed_71	0.07656397337355753	0.07597851536909578	0.07715706077255054	0.24472914495306664	0.24133457498262748	INFINITE	30529
