release	threshold	layer	state	within_inf	within_sup	weight_inf	weight_sup	sign_within	sign_weight	dominance	midpoint_within	midpoint_weight
2025_DRACH	0.5	fixed	BASELINE_IDENTITY	0.0	0.0	0.0	0.0	ZERO_IDENTITY	ZERO_IDENTITY	ZERO_IDENTITY	0.0	0.0
2025_DRACH	0.5	variable	BASELINE_IDENTITY	0.0	0.0	0.0	0.0	ZERO_IDENTITY	ZERO_IDENTITY	ZERO_IDENTITY	0.0	0.0
2025_DRACH	0.6	fixed	CONSERVATIVE_COMPONENT_ENCLOSURES	-0.006387146901360794	-0.005267000570173948	-0.0006281964843799767	-0.0006118451179838928	NEGATIVE_CERTIFIED	NEGATIVE_CERTIFIED	WITHIN_ABSOLUTE_MAGNITUDE_CERTIFIED	-0.005827073735767372	-0.0006200208011819348
2025_DRACH	0.6	variable	CONSERVATIVE_COMPONENT_ENCLOSURES	-0.006390489332093639	-0.005024257192127878	-0.0006507822802241544	-0.0005616247627264982	NEGATIVE_CERTIFIED	NEGATIVE_CERTIFIED	WITHIN_ABSOLUTE_MAGNITUDE_CERTIFIED	-0.005827073735767372	-0.0006200208011819348
2025_DRACH	0.7	fixed	CONSERVATIVE_COMPONENT_ENCLOSURES	-0.012665190170550102	-0.011654762359073987	-0.0013524887426571018	-0.0013182532712477778	NEGATIVE_CERTIFIED	NEGATIVE_CERTIFIED	WITHIN_ABSOLUTE_MAGNITUDE_CERTIFIED	-0.012159976264812047	-0.0013353710069524398
2025_DRACH	0.7	variable	CONSERVATIVE_COMPONENT_ENCLOSURES	-0.012944633587351435	-0.011645993055894394	-0.0014096783935479778	-0.001292468376257868	NEGATIVE_CERTIFIED	NEGATIVE_CERTIFIED	WITHIN_ABSOLUTE_MAGNITUDE_CERTIFIED	-0.012159976264812047	-0.0013353710069524398
2025_DRACH	0.8	fixed	CONSERVATIVE_COMPONENT_ENCLOSURES	-0.019871335700618276	-0.018987511686839636	-0.0024426101369374635	-0.002384920318437029	NEGATIVE_CERTIFIED	NEGATIVE_CERTIFIED	WITHIN_ABSOLUTE_MAGNITUDE_CERTIFIED	-0.019429423693728954	-0.0024137652276872467
2025_DRACH	0.8	variable	CONSERVATIVE_COMPONENT_ENCLOSURES	-0.019926421859953743	-0.018653746561595623	-0.002477942777478966	-0.0022943663076373643	NEGATIVE_CERTIFIED	NEGATIVE_CERTIFIED	WITHIN_ABSOLUTE_MAGNITUDE_CERTIFIED	-0.019429423693728954	-0.0024137652276872467
2025_DRACH	0.9	fixed	CONSERVATIVE_COMPONENT_ENCLOSURES	-0.026331592078766262	-0.025580809643200624	-0.004584187760796019	-0.0044890853774456055	NEGATIVE_CERTIFIED	NEGATIVE_CERTIFIED	WITHIN_ABSOLUTE_MAGNITUDE_CERTIFIED	-0.025956200860983443	-0.004536636569120811
2025_DRACH	0.9	variable	CONSERVATIVE_COMPONENT_ENCLOSURES	-0.026735367608689217	-0.02535860782639387	-0.004836161068035491	-0.0044000263445592306	NEGATIVE_CERTIFIED	NEGATIVE_CERTIFIED	WITHIN_ABSOLUTE_MAGNITUDE_CERTIFIED	-0.025956200860983443	-0.004536636569120811
2025_DRACH	0.95	fixed	CONSERVATIVE_COMPONENT_ENCLOSURES	-0.024830340501956844	-0.024138637042211444	-0.011255360617883682	-0.011087875945294647	NEGATIVE_CERTIFIED	NEGATIVE_CERTIFIED	WITHIN_ABSOLUTE_MAGNITUDE_CERTIFIED	-0.024484488772084145	-0.011171618281589163
2025_DRACH	0.95	variable	CONSERVATIVE_COMPONENT_ENCLOSURES	-0.025802887471775462	-0.020902988487311015	-0.014301995732813357	-0.010697087826040366	NEGATIVE_CERTIFIED	NEGATIVE_CERTIFIED	WITHIN_ABSOLUTE_MAGNITUDE_CERTIFIED	-0.024484488772084145	-0.011171618281589163
2025_DRACH	0.99	fixed	CONSERVATIVE_COMPONENT_ENCLOSURES	-0.01907279443645758	-0.01837522149575419	-0.019225952838851798	-0.018994778692655867	NEGATIVE_CERTIFIED	NEGATIVE_CERTIFIED	NOT_CERTIFIED	-0.018724007966105884	-0.019110365765753836
2025_DRACH	0.99	variable	CONSERVATIVE_COMPONENT_ENCLOSURES	-0.02063452265098548	-0.013898874359678091	-0.023536151571480438	-0.017744600272338654	NEGATIVE_CERTIFIED	NEGATIVE_CERTIFIED	NOT_CERTIFIED	-0.018724007966105884	-0.019110365765753836
2026_all5mer	0.5	fixed	BASELINE_IDENTITY	0.0	0.0	0.0	0.0	ZERO_IDENTITY	ZERO_IDENTITY	ZERO_IDENTITY	0.0	0.0
2026_all5mer	0.5	variable	BASELINE_IDENTITY	0.0	0.0	0.0	0.0	ZERO_IDENTITY	ZERO_IDENTITY	ZERO_IDENTITY	0.0	0.0
2026_all5mer	0.6	fixed	CONSERVATIVE_COMPONENT_ENCLOSURES	-0.011934740118947209	-0.009756652743535729	-0.00019420094392284115	-0.00017556379637281237	NEGATIVE_CERTIFIED	NEGATIVE_CERTIFIED	WITHIN_ABSOLUTE_MAGNITUDE_CERTIFIED	-0.01084569643124147	-0.00018488237014782665
2026_all5mer	0.6	variable	CONSERVATIVE_COMPONENT_ENCLOSURES	-0.011942216097466886	-0.009305826426459433	-0.0002735408730754398	-8.939893189564092e-05	NEGATIVE_CERTIFIED	NEGATIVE_CERTIFIED	WITHIN_ABSOLUTE_MAGNITUDE_CERTIFIED	-0.01084569643124147	-0.00018488237014782665
2026_all5mer	0.7	fixed	CONSERVATIVE_COMPONENT_ENCLOSURES	-0.023691445122260252	-0.02170181290065114	-0.0004204358067999457	-0.000379713668236713	NEGATIVE_CERTIFIED	NEGATIVE_CERTIFIED	WITHIN_ABSOLUTE_MAGNITUDE_CERTIFIED	-0.0226966290114557	-0.000400074737518329
2026_all5mer	0.7	variable	CONSERVATIVE_COMPONENT_ENCLOSURES	-0.024217724472469435	-0.021685165465861203	-0.0005279811191076812	-0.00028286379522948833	NEGATIVE_CERTIFIED	NEGATIVE_CERTIFIED	WITHIN_ABSOLUTE_MAGNITUDE_CERTIFIED	-0.0226966290114557	-0.000400074737518329
2026_all5mer	0.8	fixed	CONSERVATIVE_COMPONENT_ENCLOSURES	-0.03781421670693036	-0.036050587184936034	-0.0008041525522282838	-0.0007300589887701749	NEGATIVE_CERTIFIED	NEGATIVE_CERTIFIED	WITHIN_ABSOLUTE_MAGNITUDE_CERTIFIED	-0.0369324019459332	-0.000767105770499229
2026_all5mer	0.8	variable	CONSERVATIVE_COMPONENT_ENCLOSURES	-0.037878011653994015	-0.035389803934475494	-0.0009346173785938655	-0.0005795413860344122	NEGATIVE_CERTIFIED	NEGATIVE_CERTIFIED	WITHIN_ABSOLUTE_MAGNITUDE_CERTIFIED	-0.0369324019459332	-0.000767105770499229
2026_all5mer	0.9	fixed	CONSERVATIVE_COMPONENT_ENCLOSURES	-0.05411975617486881	-0.052623994977382106	-0.0018539386025366493	-0.001713646582735795	NEGATIVE_CERTIFIED	NEGATIVE_CERTIFIED	WITHIN_ABSOLUTE_MAGNITUDE_CERTIFIED	-0.053371875576125466	-0.0017837925926362215
2026_all5mer	0.9	variable	CONSERVATIVE_COMPONENT_ENCLOSURES	-0.05519521116901874	-0.05229234988511001	-0.002231481136253121	-0.0014274274268801408	NEGATIVE_CERTIFIED	NEGATIVE_CERTIFIED	WITHIN_ABSOLUTE_MAGNITUDE_CERTIFIED	-0.053371875576125466	-0.0017837925926362215
2026_all5mer	0.95	fixed	CONSERVATIVE_COMPONENT_ENCLOSURES	-0.06388452445443721	-0.0625839834171516	-0.0046289375964159805	-0.0043845994241584405	NEGATIVE_CERTIFIED	NEGATIVE_CERTIFIED	WITHIN_ABSOLUTE_MAGNITUDE_CERTIFIED	-0.0632342539357944	-0.004506768510287209
2026_all5mer	0.95	variable	CONSERVATIVE_COMPONENT_ENCLOSURES	-0.06584322633181323	-0.061159976792573026	-0.00613139789842905	-0.003617160170198039	NEGATIVE_CERTIFIED	NEGATIVE_CERTIFIED	WITHIN_ABSOLUTE_MAGNITUDE_CERTIFIED	-0.0632342539357944	-0.004506768510287209
2026_all5mer	0.99	fixed	CONSERVATIVE_COMPONENT_ENCLOSURES	-0.07023686661387468	-0.0690612233427856	-0.004141891041311461	-0.0038770470313839976	NEGATIVE_CERTIFIED	NEGATIVE_CERTIFIED	WITHIN_ABSOLUTE_MAGNITUDE_CERTIFIED	-0.06964904497833015	-0.0040094690363477285
2026_all5mer	0.99	variable	CONSERVATIVE_COMPONENT_ENCLOSURES	-0.07222893655950902	-0.06763567211586444	-0.005476558481920881	-0.0024822727002756662	NEGATIVE_CERTIFIED	NEGATIVE_CERTIFIED	WITHIN_ABSOLUTE_MAGNITUDE_CERTIFIED	-0.06964904497833015	-0.0040094690363477285
