release	threshold	K	analysis_class	midpoint_equal_construct_class	fixed_inf	fixed_sup	fixed_guaranteed	fixed_potentially_empty_cells	variable_inf	variable_sup	variable_guaranteed	variable_potentially_empty_cells
2025_DRACH	0.5	5	POSTHOC_QUANTIZATION_SENSITIVITY	0.07682106139604786	0.07621573312201116	0.07743401906461578	True		0.07621573312201116	0.07743401906461578	True	
2025_DRACH	0.6	5	POSTHOC_QUANTIZATION_SENSITIVITY	0.06769366129898992	0.06715898314287713	0.06823596884963394	True		0.06715898314287713	0.06860728926533262	True	
2025_DRACH	0.7	5	POSTHOC_QUANTIZATION_SENSITIVITY	0.05846454812027367	0.058007369727370375	0.05892935590770824	True		0.057586935410537554	0.05894765833620778	True	
2025_DRACH	0.8	5	POSTHOC_QUANTIZATION_SENSITIVITY	0.05082071575010476	0.050445182824430244	0.05120387807031053	True		0.050193433036780234	0.051680179638409915	True	
2025_DRACH	0.9	5	POSTHOC_QUANTIZATION_SENSITIVITY	0.0487790840028995	0.04847352967655329	0.04909226772377698	True		0.047433625991732634	0.050453543430591274	True	
2025_DRACH	0.95	5	POSTHOC_QUANTIZATION_SENSITIVITY	0.10173916614704286	0.10128795778166337	0.10219800390695358	True		0.09718210593924131	0.1343538353396444	True	
2025_DRACH	0.99	5	POSTHOC_QUANTIZATION_SENSITIVITY	0.16570790972709357	0.16504942779708606	0.16637402105163235	True		0.15291715608626516	0.20133842636522076	True	
2026_all5mer	0.5	32	POSTHOC_QUANTIZATION_SENSITIVITY	0.08256656894613468	0.08189575585032449	0.08324501143647611	True		0.08189575585032449	0.08324501143647611	True	
2026_all5mer	0.6	32	POSTHOC_QUANTIZATION_SENSITIVITY	0.07058539142067538	0.07000518051095925	0.07117323172492278	True		0.07000518051095925	0.07166082564759443	True	
2026_all5mer	0.7	32	POSTHOC_QUANTIZATION_SENSITIVITY	0.057637403811549234	0.05715671640465187	0.05812572061297784	True		0.056609845812799396	0.05812606450214236	True	
2026_all5mer	0.8	32	POSTHOC_QUANTIZATION_SENSITIVITY	0.042805740971454516	0.042442751115273986	0.043176360222166296	True		0.04238617760414642	0.04382467897778216	True	
2026_all5mer	0.9	32	POSTHOC_QUANTIZATION_SENSITIVITY	0.02739916191242506	0.02716895406718335	0.02763699915219802	True		0.026117577529110567	0.028100175920476804	True	
2026_all5mer	0.95	32	POSTHOC_QUANTIZATION_SENSITIVITY	0.02449058216325603	0.024336264076334192	0.024652529644709122	True		0.022029218534384047	0.02998993845434109	True	
2026_all5mer	0.99	32	POSTHOC_QUANTIZATION_SENSITIVITY	0.013723761190289452	0.013656202518907659	0.013798949256202495	True		0.00850481763746542	0.018070873445924243	True	
