release	construct	threshold	analysis_class	N	O	midpoint_S	minimum_S	maximum_S	midpoint_observed	midpoint_equal_class	fixed_observed_inf	fixed_equal_class_inf	fixed_observed_sup	fixed_equal_class_sup	fixed_observed_guaranteed	fixed_equal_class_guaranteed	variable_observed_inf	variable_equal_class_inf	variable_observed_sup	variable_equal_class_sup	variable_observed_guaranteed	variable_equal_class_guaranteed
2025_DRACH	DRACH_oligo_0	0.5	POSTHOC_QUANTIZATION_SENSITIVITY	78221	42504	42504	42504	42504	0.04410918293397754	0.07987184107518738	0.043776234103173564	0.07924522346183152	0.04444976115931276	0.08050608808307447	True	True	0.043776234103173564	0.07924522346183152	0.04444976115931276	0.08050608808307447	True	True
2025_DRACH	DRACH_oligo_1	0.5	POSTHOC_QUANTIZATION_SENSITIVITY	77439	41946	41946	41946	41946	0.037897060603274246	0.0727480960577689	0.037611187848616	0.07216990360301867	0.038190562752463734	0.07333391790705036	True	True	0.037611187848616	0.07216990360301867	0.038190562752463734	0.07333391790705036	True	True
2025_DRACH	DRACH_oligo_2	0.5	POSTHOC_QUANTIZATION_SENSITIVITY	77733	45197	45197	45197	45197	0.053605071358425724	0.07933199666837987	0.05319329463562813	0.07869769613609008	0.054024477475754576	0.07997392659520089	True	True	0.05319329463562813	0.07869769613609008	0.054024477475754576	0.07997392659520089	True	True
2025_DRACH	DRACH_oligo_3	0.5	POSTHOC_QUANTIZATION_SENSITIVITY	77963	42219	42219	42219	42219	0.03358804475109395	0.08566106236224635	0.03334432527069603	0.08503233079118988	0.033839393626023125	0.08629742332783408	True	True	0.03334432527069603	0.08503233079118988	0.033839393626023125	0.08629742332783408	True	True
2025_DRACH	DRACH_oligo_4	0.5	POSTHOC_QUANTIZATION_SENSITIVITY	77771	41506	41506	41506	41506	0.029882100072704566	0.06649231081665674	0.029658125893601978	0.06593351161792563	0.030113703646338405	0.0670587394099191	True	True	0.029658125893601978	0.06593351161792563	0.030113703646338405	0.0670587394099191	True	True
2025_DRACH	ALL	0.5	POSTHOC_QUANTIZATION_SENSITIVITY	389127	213372	213372	213372	213372	0.04005012528654932	0.07661998851878646	0.03974858706582485	0.07601595194304911	0.04035929290180504	0.07723165448905506	True	True	0.03974858706582485	0.07601595194304911	0.04035929290180504	0.07723165448905506	True	True
2025_DRACH	DRACH_oligo_0	0.6	POSTHOC_QUANTIZATION_SENSITIVITY	78221	42504	41109	41109	41159	0.03719537239415264	0.07070248708231018	0.03691651458135213	0.07014758963720519	0.03748185960148439	0.07126501392194641	True	True	0.03691651458135213	0.07014758963720519	0.037738600793711205	0.07159294468985647	True	True
2025_DRACH	DRACH_oligo_1	0.6	POSTHOC_QUANTIZATION_SENSITIVITY	77439	41946	40778	40778	40831	0.031841809054191386	0.06367396936182775	0.0316031041248929	0.06316526115005883	0.03208814337802112	0.06419030696812791	True	True	0.0316031041248929	0.06316526115005883	0.03236295007175633	0.06463757475563488	True	True
2025_DRACH	DRACH_oligo_2	0.6	POSTHOC_QUANTIZATION_SENSITIVITY	77733	45197	43204	43204	43298	0.04458671247017691	0.06826171927661141	0.04424506061088817	0.067711608027653	0.04493599372399691	0.06881945992010108	True	True	0.04424506061088817	0.067711608027653	0.045344323198747635	0.06936796071883904	True	True
2025_DRACH	DRACH_oligo_3	0.6	POSTHOC_QUANTIZATION_SENSITIVITY	77963	42219	41311	41311	41336	0.028903917596709024	0.07931762093340677	0.0286971094047855	0.07874269613548687	0.0291183551831638	0.07990017512585793	True	True	0.0286971094047855	0.07874269613548687	0.0292463505270404	0.08000815886498777	True	True
2025_DRACH	DRACH_oligo_4	0.6	POSTHOC_QUANTIZATION_SENSITIVITY	77771	41506	40555	40555	40601	0.024818111603569563	0.05651250984079348	0.02463386318360579	0.05602776076398178	0.02500998941806459	0.05700488831213642	True	True	0.02463386318360579	0.05602776076398178	0.02526237456411749	0.05742980729734496	True	True
2025_DRACH	ALL	0.6	POSTHOC_QUANTIZATION_SENSITIVITY	389127	213372	206957	206957	207225	0.03360303074960002	0.0674370291092489	0.033351897179581876	0.06690415484020507	0.03386179371414941	0.06797753277282398	True	True	0.033351897179581876	0.06690415484020507	0.034130138764005766	0.06835740553276996	True	True
2025_DRACH	DRACH_oligo_0	0.7	POSTHOC_QUANTIZATION_SENSITIVITY	78221	42504	39559	39488	39559	0.029229776192526265	0.06046907438472782	0.029011293912356385	0.05999887051315121	0.029455887867227394	0.06094690765083568	True	True	0.02871215401437719	0.059593647633886596	0.029455270896669963	0.060962012719215246	True	True
2025_DRACH	DRACH_oligo_1	0.7	POSTHOC_QUANTIZATION_SENSITIVITY	77439	41946	39617	39575	39617	0.026040602444091877	0.055499059461037746	0.025847040620237603	0.055059437239288495	0.026241793662477402	0.055946311077318255	True	True	0.02561890573796786	0.0546236790208161	0.026241485628826677	0.055946528416750754	True	True
2025_DRACH	DRACH_oligo_2	0.7	POSTHOC_QUANTIZATION_SENSITIVITY	77733	45197	41110	41020	41110	0.03494861373585873	0.05706953607948512	0.034680867641693015	0.05660806740974993	0.03522398922455569	0.057538634143751564	True	True	0.03427048213071558	0.056105990421961405	0.035223304193636354	0.057537103846940954	True	True
2025_DRACH	DRACH_oligo_3	0.7	POSTHOC_QUANTIZATION_SENSITIVITY	77963	42219	40241	40192	40241	0.023357661906016496	0.07333053680448325	0.02319339767269875	0.0728169435224434	0.02352955553386549	0.07385175948105437	True	True	0.022854967102123674	0.07236669965433094	0.023529287267965392	0.07393112309449615	True	True
2025_DRACH	DRACH_oligo_4	0.7	POSTHOC_QUANTIZATION_SENSITIVITY	77771	41506	39464	39420	39464	0.0189056396484375	0.04595453387163445	0.01876638193244555	0.04555352995221885	0.0190525267589607	0.04636316718558131	True	True	0.018556786647972754	0.04524466032169273	0.019052158064178152	0.04636152360363578	True	True
2025_DRACH	ALL	0.7	POSTHOC_QUANTIZATION_SENSITIVITY	389127	213372	199991	199695	199991	0.026554778014784834	0.05813894723169444	0.026357648420228714	0.05768372350628363	0.026759537003872205	0.05860180035163649	True	True	0.026057358855922273	0.05726073263192043	0.026759086397657426	0.05861689878194355	True	True
2025_DRACH	DRACH_oligo_0	0.8	POSTHOC_QUANTIZATION_SENSITIVITY	78221	42504	37669	37669	37759	0.020513270993650336	0.05368090256003388	0.02035989999081224	0.053289285502198344	0.02067427139101968	0.05408014901240068	True	True	0.02035989999081224	0.052972416438719264	0.021054725809626928	0.05449880682751392	True	True
2025_DRACH	DRACH_oligo_1	0.8	POSTHOC_QUANTIZATION_SENSITIVITY	77439	41946	37924	37924	38013	0.017637517353915274	0.04619816848650679	0.01750476057802797	0.04584712456972025	0.017777903524333824	0.04655684179782457	True	True	0.01750476057802797	0.04563949453343873	0.01819372260266019	0.04722964115299795	True	True
2025_DRACH	DRACH_oligo_2	0.8	POSTHOC_QUANTIZATION_SENSITIVITY	77733	45197	38650	38650	38764	0.024626579531414235	0.04626203676761711	0.024436742627142627	0.04589447125498248	0.024824045830217092	0.04663723167478298	True	True	0.024436742627142627	0.04574573953780456	0.0251943977441769	0.047009654276954374	True	True
2025_DRACH	DRACH_oligo_3	0.8	POSTHOC_QUANTIZATION_SENSITIVITY	77963	42219	38734	38734	38797	0.015627181430898786	0.06982525901831664	0.015518411051453301	0.0693793230349189	0.015743581204875522	0.07027882439624566	True	True	0.015518411051453301	0.06896427512647713	0.016061921936643984	0.07096043603618812	True	True
2025_DRACH	DRACH_oligo_4	0.8	POSTHOC_QUANTIZATION_SENSITIVITY	77771	41506	38254	38254	38307	0.012626404831324317	0.03813721191804936	0.012532426701777715	0.03781570976033123	0.012728012355402172	0.03846634347029875	True	True	0.012532426701777715	0.03764523954746147	0.012907004989602911	0.03870235989839523	True	True
2025_DRACH	ALL	0.8	POSTHOC_QUANTIZATION_SENSITIVITY	389127	213372	191231	191231	191640	0.018206936365133118	0.05001636157011946	0.018071198185288465	0.049644189193700894	0.018350303939509024	0.05039616334106927	True	True	0.018071198185288465	0.0494016662826303	0.018685149388481495	0.05086167239885748	True	True
2025_DRACH	DRACH_oligo_0	0.9	POSTHOC_QUANTIZATION_SENSITIVITY	78221	42504	34881	34728	34881	0.010839928550213863	0.049723047290210654	0.01075688066266825	0.04941291015200736	0.010930605832290725	0.0500408138229452	True	True	0.0104142403852876	0.04899190848946785	0.010933051265638268	0.05106961102546391	True	True
2025_DRACH	DRACH_oligo_1	0.9	POSTHOC_QUANTIZATION_SENSITIVITY	77439	41946	35551	35401	35551	0.00905829969329246	0.04240027685714755	0.00898682200312799	0.042122818482844285	0.009137406777988182	0.042685364625982075	True	True	0.008533853100018361	0.040483910717926355	0.009136255125916157	0.04387953699443372	True	True
2025_DRACH	DRACH_oligo_2	0.9	POSTHOC_QUANTIZATION_SENSITIVITY	77733	45197	34937	34711	34937	0.012976245185146042	0.0381171958785354	0.012872960758075473	0.037844531334234766	0.01308715900674786	0.038397489817367285	True	True	0.012395224001470717	0.036736741214211464	0.013103521571762892	0.039615375705172914	True	True
2025_DRACH	DRACH_oligo_3	0.9	POSTHOC_QUANTIZATION_SENSITIVITY	77963	42219	36825	36721	36825	0.009189734993058649	0.08389633192070847	0.009128593242823956	0.08345502873149371	0.009258506137824593	0.0843452645044545	True	True	0.008910217393194843	0.08221883718909448	0.009257702214072046	0.08697211477362307	True	True
2025_DRACH	DRACH_oligo_4	0.9	POSTHOC_QUANTIZATION_SENSITIVITY	77771	41506	36509	36425	36509	0.005916726902988871	0.02975856806789544	0.005869853323169244	0.02953235968218629	0.005971229877339748	0.02999240584813584	True	True	0.005642411985377702	0.02873673234796301	0.005970591523397913	0.030731078654262736	True	True
2025_DRACH	ALL	0.9	POSTHOC_QUANTIZATION_SENSITIVITY	389127	213372	178703	177986	178703	0.009557287856445067	0.04727525435240636	0.009484489989396907	0.04697525253019411	0.009637715118024477	0.04758288556914985	True	True	0.009143681675301182	0.045914536444865185	0.009636585436701801	0.048965151442606	True	True
2025_DRACH	DRACH_oligo_0	0.95	POSTHOC_QUANTIZATION_SENSITIVITY	78221	42504	32010	31677	32010	0.004941753326673427	0.10080241239227508	0.004901310385334905	0.10035325743963515	0.0049898256625432	0.10125919673944625	True	True	0.004397119692368161	0.09942313037972562	0.005013788225974622	0.12949448029099306	True	True
2025_DRACH	DRACH_oligo_1	0.95	POSTHOC_QUANTIZATION_SENSITIVITY	77439	41946	33001	32696	33001	0.003616680365931442	0.06658205256438571	0.003583723651810504	0.06627079935130632	0.00365726647458363	0.06690093517199636	True	True	0.002957823119058539	0.05906289819616775	0.0036665621675049283	0.0812417703503561	True	True
2025_DRACH	DRACH_oligo_2	0.95	POSTHOC_QUANTIZATION_SENSITIVITY	77733	45197	30878	30361	30878	0.0055156581504827214	0.06684431882265711	0.005468796846725925	0.06652381197300472	0.005570148848770767	0.06717245506684073	True	True	0.004626925936270473	0.06351971739872096	0.005618184708811492	0.08988987298534977	True	True
2025_DRACH	DRACH_oligo_3	0.95	POSTHOC_QUANTIZATION_SENSITIVITY	77963	42219	34937	34713	34937	0.005775682155789182	0.2300606953723338	0.005740568531867406	0.2291146234083162	0.005818425174242208	0.23101439673088264	True	True	0.005330373787469619	0.22498464257604606	0.00583782842464151	0.31221581507198404	True	True
2025_DRACH	DRACH_oligo_4	0.95	POSTHOC_QUANTIZATION_SENSITIVITY	77771	41506	34881	34683	34881	0.0022500067866418256	0.044406351583562584	0.002228537809103407	0.044177296736054514	0.002279105158711494	0.04464303582560189	True	True	0.0019177332147988118	0.03892014114554617	0.0022786853090686907	0.058927237999539	True	True
2025_DRACH	ALL	0.95	POSTHOC_QUANTIZATION_SENSITIVITY	389127	213372	165707	164130	165707	0.004394018232876013	0.09329415238016218	0.0043589877845737314	0.092875802131967	0.004436678075709545	0.09372013202288863	True	True	0.0038283861248718746	0.08885069375394603	0.0044534102851318935	0.1219509326574272	True	True
2025_DRACH	DRACH_oligo_0	0.99	POSTHOC_QUANTIZATION_SENSITIVITY	78221	42504	26989	25386	26989	0.0026622814478254597	0.19473063839102925	0.0026445484553602855	0.19395921854545464	0.0026876438348218835	0.19550968763113513	True	True	0.0023918471372769926	0.18323245672140287	0.00284793613247407	0.2494476880468058	True	True
2025_DRACH	DRACH_oligo_1	0.99	POSTHOC_QUANTIZATION_SENSITIVITY	77439	41946	28626	27068	28626	0.0014979041931156608	0.08443420672452788	0.0014848817713245825	0.08409231486938863	0.0015185560094379891	0.08478372797419838	True	True	0.0010077040395119398	0.0665943268414212	0.0015973025697274712	0.10605864805418433	True	True
2025_DRACH	DRACH_oligo_2	0.99	POSTHOC_QUANTIZATION_SENSITIVITY	77733	45197	24946	23118	24946	0.002239344124422033	0.0977413609467156	0.002222439629756524	0.09734687794276242	0.0022638780136187914	0.0981434733452	True	True	0.0017534523564084181	0.08291967470138795	0.0024308392252181963	0.12713065885641517	True	True
2025_DRACH	DRACH_oligo_3	0.99	POSTHOC_QUANTIZATION_SENSITIVITY	77963	42219	32242	31265	32242	0.003986093618017769	0.38136687029324584	0.003964869173427469	0.3798691046564013	0.004014947457139319	0.38287226532462154	True	True	0.003693265083229435	0.3749681208587536	0.004134968387247344	0.4132880953578856	True	True
2025_DRACH	DRACH_oligo_4	0.99	POSTHOC_QUANTIZATION_SENSITIVITY	77771	41506	32161	31193	32161	0.0006868747858142553	0.07026647227994935	0.0006784541271600308	0.0699796229714233	0.0007029248389997299	0.07056095098300667	True	True	0.0005266906343477404	0.0568712013083601	0.0007203832881039049	0.11076704151081286	True	True
2025_DRACH	ALL	0.99	POSTHOC_QUANTIZATION_SENSITIVITY	389127	213372	144964	138030	144964	0.0022157515546896017	0.16302140965107434	0.0022003807698794506	0.16237348836575174	0.002238751734031003	0.16367696033092818	True	True	0.0018843276217216148	0.14963617368046128	0.0023435664219935933	0.20624592553914764	True	True
2026_all5mer	5mers_A_RNA_sparse_seq_01	0.5	POSTHOC_QUANTIZATION_SENSITIVITY	143290	94025	94025	94025	94025	0.06671237551002736	0.07204977220395375	0.06618000739497475	0.07144745496383786	0.06725237301961122	0.07265971883860091	True	True	0.06618000739497475	0.07144745496383786	0.06725237301961122	0.07265971883860091	True	True
2026_all5mer	5mers_A_RNA_sparse_seq_02	0.5	POSTHOC_QUANTIZATION_SENSITIVITY	143542	93130	93130	93130	93130	0.08421300525351931	0.08347741255273489	0.0835645983890651	0.08279374846627127	0.08486904151250478	0.08416870603372974	True	True	0.0835645983890651	0.08279374846627127	0.08486904151250478	0.08416870603372974	True	True
2026_all5mer	5mers_A_RNA_sparse_seq_03	0.5	POSTHOC_QUANTIZATION_SENSITIVITY	147059	91400	91400	91400	91400	0.06919242341356674	0.07897125722206608	0.06864151852396959	0.07831211541012889	0.06975095769769514	0.0796380284285345	True	True	0.06864151852396959	0.07831211541012889	0.06975095769769514	0.0796380284285345	True	True
2026_all5mer	5mers_A_RNA_sparse_seq_04	0.5	POSTHOC_QUANTIZATION_SENSITIVITY	143648	91581	91581	91581	91581	0.08506964614606079	0.0968413508729283	0.08443542607762783	0.09610059142448124	0.08571149560902498	0.09758973971590662	True	True	0.08443542607762783	0.09610059142448124	0.08571149560902498	0.09758973971590662	True	True
2026_all5mer	5mers_A_RNA_sparse_seq_05	0.5	POSTHOC_QUANTIZATION_SENSITIVITY	145872	94407	94407	94407	94407	0.06780364807433413	0.0782538289307413	0.06725853370620359	0.07759700402903608	0.06835639183699592	0.07891828322697778	True	True	0.06725853370620359	0.07759700402903608	0.06835639183699592	0.07891828322697778	True	True
2026_all5mer	5mers_A_RNA_sparse_seq_06	0.5	POSTHOC_QUANTIZATION_SENSITIVITY	149149	93851	93851	93851	93851	0.07324667334921126	0.07429697903224919	0.07268229313426959	0.07368120846304088	0.07381868295868418	0.07492037899598875	True	True	0.07268229313426959	0.07368120846304088	0.07381868295868418	0.07492037899598875	True	True
2026_all5mer	5mers_A_RNA_sparse_seq_07	0.5	POSTHOC_QUANTIZATION_SENSITIVITY	144521	88910	88910	88910	88910	0.08498439143095787	0.08842808010889677	0.08434622248331133	0.08771217814804963	0.08563018977313566	0.0891516114642752	True	True	0.08434622248331133	0.08771217814804963	0.08563018977313566	0.0891516114642752	True	True
2026_all5mer	5mers_A_RNA_sparse_seq_08	0.5	POSTHOC_QUANTIZATION_SENSITIVITY	147619	88099	88099	88099	88099	0.06816524129380493	0.08030332599905335	0.0676453302154993	0.0796549304345928	0.06869278176664179	0.08095935095804516	True	True	0.0676453302154993	0.0796549304345928	0.06869278176664179	0.08095935095804516	True	True
2026_all5mer	5mers_A_RNA_sparse_seq_09	0.5	POSTHOC_QUANTIZATION_SENSITIVITY	144331	91313	91313	91313	91313	0.07874945219388182	0.07623726540659534	0.07814907169934217	0.07561097855147048	0.07935746208295275	0.07687118165625144	True	True	0.07814907169934217	0.07561097855147048	0.07935746208295275	0.07687118165625144	True	True
2026_all5mer	5mers_A_RNA_sparse_seq_10	0.5	POSTHOC_QUANTIZATION_SENSITIVITY	138537	84417	84417	84417	84417	0.05799240116281296	0.07281684477388378	0.05751772023018912	0.07218962197104489	0.05847471148996805	0.07345169697125395	True	True	0.05751772023018912	0.07218962197104489	0.05847471148996805	0.07345169697125395	True	True
2026_all5mer	5mers_A_RNA_sparse_seq_11	0.5	POSTHOC_QUANTIZATION_SENSITIVITY	146151	95068	95068	95068	95068	0.0662257756724237	0.07336848986793523	0.06571016910726483	0.07277164132126021	0.06674901163211382	0.0739729678091415	True	True	0.06571016910726483	0.07277164132126021	0.06674901163211382	0.0739729678091415	True	True
2026_all5mer	5mers_A_RNA_sparse_seq_12	0.5	POSTHOC_QUANTIZATION_SENSITIVITY	146910	93036	93036	93036	93036	0.07672322791237439	0.09018749178935015	0.07612437489282962	0.08946736561348131	0.07732971032645042	0.0909152473597502	True	True	0.07612437489282962	0.08946736561348131	0.07732971032645042	0.0909152473597502	True	True
2026_all5mer	5mers_A_RNA_sparse_seq_13	0.5	POSTHOC_QUANTIZATION_SENSITIVITY	143542	87073	87073	87073	87073	0.06353681331982945	0.07758780652237435	0.06304807394516042	0.07695477460641341	0.06403318208902974	0.07822846783286654	True	True	0.06304807394516042	0.07695477460641341	0.06403318208902974	0.07822846783286654	True	True
2026_all5mer	5mers_A_RNA_sparse_seq_14	0.5	POSTHOC_QUANTIZATION_SENSITIVITY	145398	91903	91903	91903	91903	0.06573144830471893	0.07189401270090562	0.06521214312215563	0.07129356173321413	0.06625838288181349	0.07250209306312837	True	True	0.06521214312215563	0.07129356173321413	0.06625838288181349	0.07250209306312837	True	True
2026_all5mer	5mers_A_RNA_sparse_seq_15	0.5	POSTHOC_QUANTIZATION_SENSITIVITY	143330	97937	97937	97937	97937	0.10294708203187071	0.10574429034442492	0.10217975203696397	0.10491939546244897	0.10372204142130871	0.10657681462093213	True	True	0.10217975203696397	0.10491939546244897	0.10372204142130871	0.10657681462093213	True	True
2026_all5mer	5mers_A_RNA_sparse_seq_16	0.5	POSTHOC_QUANTIZATION_SENSITIVITY	137067	96570	96570	96570	96570	0.0831987634386053	0.08596917207424153	0.08255032123314046	0.08527006196014193	0.08385483503860137	0.08667591158287238	True	True	0.08255032123314046	0.08527006196014193	0.08385483503860137	0.08667591158287238	True	True
2026_all5mer	5mers_A_RNA_sparse_seq_17	0.5	POSTHOC_QUANTIZATION_SENSITIVITY	139177	86709	86709	86709	86709	0.056774268131467055	0.06305421028850565	0.05632253831472448	0.0625325109525357	0.05723362734274088	0.06358353901900685	True	True	0.05632253831472448	0.0625325109525357	0.05723362734274088	0.06358353901900685	True	True
2026_all5mer	5mers_A_RNA_sparse_seq_18	0.5	POSTHOC_QUANTIZATION_SENSITIVITY	146200	91156	91156	91156	91156	0.06213616686646938	0.07757224760024836	0.06163918441068745	0.07693675515077092	0.06264077871678256	0.07821536944425704	True	True	0.06163918441068745	0.07693675515077092	0.06264077871678256	0.07821536944425704	True	True
2026_all5mer	5mers_A_RNA_sparse_seq_19	0.5	POSTHOC_QUANTIZATION_SENSITIVITY	143556	83789	83789	83789	83789	0.06734286186741736	0.07424334873974942	0.06683699514939032	0.07362259887337119	0.06785635797997565	0.07487172800065892	True	True	0.06683699514939032	0.07362259887337119	0.06785635797997565	0.07487172800065892	True	True
2026_all5mer	5mers_A_RNA_sparse_seq_20	0.5	POSTHOC_QUANTIZATION_SENSITIVITY	146635	99940	99940	99940	99940	0.09497087977517957	0.10719555117913396	0.09427358868934642	0.10639833905431291	0.09567580025554395	0.10800039269848624	True	True	0.09427358868934642	0.10639833905431291	0.09567580025554395	0.10800039269848624	True	True
2026_all5mer	5mers_A_RNA_sparse_seq_21	0.5	POSTHOC_QUANTIZATION_SENSITIVITY	144612	90299	90299	90299	90299	0.06480028923461428	0.0749708768956127	0.06429167255034965	0.0743514456586398	0.06531653531341017	0.07559793752711684	True	True	0.06429167255034965	0.0743514456586398	0.06531653531341017	0.07559793752711684	True	True
2026_all5mer	5mers_A_RNA_sparse_seq_22	0.5	POSTHOC_QUANTIZATION_SENSITIVITY	140810	95371	95371	95371	95371	0.10968124210135154	0.11145098221880376	0.10885219396181262	0.11058467980419631	0.11051791963542172	0.11232491402794247	True	True	0.10885219396181262	0.11058467980419631	0.11051791963542172	0.11232491402794247	True	True
2026_all5mer	5mers_A_RNA_sparse_seq_23	0.5	POSTHOC_QUANTIZATION_SENSITIVITY	144122	93303	93303	93303	93303	0.08922571495205546	0.09771377904427941	0.08852964826265593	0.09692536206684019	0.08992941103598624	0.09850982541624988	True	True	0.08852964826265593	0.09692536206684019	0.08992941103598624	0.09850982541624988	True	True
2026_all5mer	5mers_A_RNA_sparse_seq_24	0.5	POSTHOC_QUANTIZATION_SENSITIVITY	146462	98390	98390	98390	98390	0.07715067808700052	0.09119513293347811	0.07654285572423042	0.09046917685640668	0.07776612984430185	0.09192871840508078	True	True	0.07654285572423042	0.09046917685640668	0.07776612984430185	0.09192871840508078	True	True
2026_all5mer	5mers_A_RNA_sparse_seq_25	0.5	POSTHOC_QUANTIZATION_SENSITIVITY	145248	93771	93771	93771	93771	0.0897567800200125	0.09257872992119323	0.08910985254407179	0.09185374382557225	0.09041133689048444	0.09331134541134548	True	True	0.08910985254407179	0.09185374382557225	0.09041133689048444	0.09331134541134548	True	True
2026_all5mer	5mers_A_RNA_sparse_seq_26	0.5	POSTHOC_QUANTIZATION_SENSITIVITY	143527	93651	93651	93651	93651	0.07511904490901507	0.07934003215480018	0.07451617149897792	0.07866765256543574	0.07572954771358346	0.08002004113869587	True	True	0.07451617149897792	0.07866765256543574	0.07572954771358346	0.08002004113869587	True	True
2026_all5mer	5mers_A_RNA_sparse_seq_27	0.5	POSTHOC_QUANTIZATION_SENSITIVITY	146108	91228	91228	91228	91228	0.06464484887125826	0.0737214940400477	0.06413742706369746	0.07310254148213788	0.0651599000733503	0.07434807599248876	True	True	0.06413742706369746	0.07310254148213788	0.0651599000733503	0.07434807599248876	True	True
2026_all5mer	5mers_A_RNA_sparse_seq_28	0.5	POSTHOC_QUANTIZATION_SENSITIVITY	143563	86760	86760	86760	86760	0.07273288584349066	0.07025957949959706	0.07222017716460098	0.06969601884489979	0.0732532239169116	0.07083076954882558	True	True	0.07222017716460098	0.06969601884489979	0.0732532239169116	0.07083076954882558	True	True
2026_all5mer	5mers_A_RNA_sparse_seq_29	0.5	POSTHOC_QUANTIZATION_SENSITIVITY	144210	86474	86474	86474	86474	0.05427316310577389	0.07292488482487276	0.05383661914511967	0.07232004644079057	0.054717336460959366	0.07353735260348619	True	True	0.05383661914511967	0.07232004644079057	0.054717336460959366	0.07353735260348619	True	True
2026_all5mer	5mers_A_RNA_sparse_seq_30	0.5	POSTHOC_QUANTIZATION_SENSITIVITY	138802	92727	92727	92727	92727	0.08786580990617272	0.08191441122465268	0.08718917142215228	0.0812399008653846	0.08855007778472442	0.08259655097845202	True	True	0.08718917142215228	0.0812399008653846	0.08855007778472442	0.08259655097845202	True	True
2026_all5mer	5mers_A_RNA_sparse_seq_31	0.5	POSTHOC_QUANTIZATION_SENSITIVITY	145363	86899	86899	86899	86899	0.0572885766092626	0.07046675267865654	0.05683171763244677	0.06986374777755232	0.05775306498060968	0.07107738697429203	True	True	0.05683171763244677	0.06986374777755232	0.05775306498060968	0.07107738697429203	True	True
2026_all5mer	5mers_A_RNA_sparse_seq_32	0.5	POSTHOC_QUANTIZATION_SENSITIVITY	140373	97135	97135	97135	97135	0.09149417520802787	0.09710081263034365	0.09078457754234	0.09632303443262297	0.09221140226824699	0.09788622022259559	True	True	0.09078457754234	0.09632303443262297	0.09221140226824699	0.09788622022259559	True	True
2026_all5mer	ALL	0.5	POSTHOC_QUANTIZATION_SENSITIVITY	4608734	2940322	2940322	2940322	2940322	0.0757031712401732	0.08307512057610737	0.07511927814365309	0.08240168437577977	0.07629469373122455	0.08375618617096621	True	True	0.07511927814365309	0.08240168437577977	0.07629469373122455	0.08375618617096621	True	True
2026_all5mer	5mers_A_RNA_sparse_seq_01	0.6	POSTHOC_QUANTIZATION_SENSITIVITY	143290	94025	89200	89200	89387	0.05695981252353822	0.06113634584294983	0.056502717364529324	0.060615438469162876	0.05742453707707837	0.06166488261126804	True	True	0.056502717364529324	0.060615438469162876	0.05780625413023653	0.06209752656893443	True	True
2026_all5mer	5mers_A_RNA_sparse_seq_02	0.6	POSTHOC_QUANTIZATION_SENSITIVITY	143542	93130	86724	86724	86985	0.07218091746635924	0.07071317979778267	0.07162674247193097	0.07012610365094624	0.07274272185531876	0.07130788533915036	True	True	0.07162674247193097	0.07012610365094624	0.07325286769455806	0.07183598431751859	True	True
2026_all5mer	5mers_A_RNA_sparse_seq_03	0.6	POSTHOC_QUANTIZATION_SENSITIVITY	147059	91400	86293	86293	86516	0.058679527839803076	0.06735002929302071	0.05820983336438292	0.0667773823606711	0.05915685170975449	0.06793030561990158	True	True	0.05820983336438292	0.0667773823606711	0.059624454400053165	0.06843345715386218	True	True
2026_all5mer	5mers_A_RNA_sparse_seq_04	0.6	POSTHOC_QUANTIZATION_SENSITIVITY	143648	91581	85859	85859	86104	0.07426269617088353	0.08565845784287461	0.0737144859330937	0.08500550620727787	0.0748185358032046	0.0863190388730026	True	True	0.0737144859330937	0.08500550620727787	0.07530240223441638	0.08682327137240245	True	True
2026_all5mer	5mers_A_RNA_sparse_seq_05	0.6	POSTHOC_QUANTIZATION_SENSITIVITY	145872	94407	89007	89007	89211	0.056848845103165055	0.06605334720007894	0.05638770783263755	0.06548682066089548	0.057317611768223815	0.06662750313379365	True	True	0.05638770783263755	0.06548682066089548	0.05775834278084839	0.06712288512198615	True	True
2026_all5mer	5mers_A_RNA_sparse_seq_06	0.6	POSTHOC_QUANTIZATION_SENSITIVITY	149149	93851	88581	88581	88800	0.06286658908695292	0.063035111227415	0.062383255044674416	0.06250425691316526	0.06335755252376268	0.06357359493619598	True	True	0.062383255044674416	0.06250425691316526	0.0638027726044526	0.06405327629613031	True	True
2026_all5mer	5mers_A_RNA_sparse_seq_07	0.6	POSTHOC_QUANTIZATION_SENSITIVITY	144521	88910	82979	82979	83217	0.07335145240259337	0.07559364674699728	0.07280539268742175	0.07497438769670128	0.07390514151229623	0.07622053519182456	True	True	0.07280539268742175	0.07497438769670128	0.07440609333305075	0.07675882112217991	True	True
2026_all5mer	5mers_A_RNA_sparse_seq_08	0.6	POSTHOC_QUANTIZATION_SENSITIVITY	147619	88099	83379	83379	83556	0.05804536595940054	0.06814025370562445	0.057604917368563276	0.06758357398985884	0.05849344394476905	0.06870456281592131	True	True	0.057604917368563276	0.06758357398985884	0.05886793017621369	0.0691859852766905	True	True
2026_all5mer	5mers_A_RNA_sparse_seq_09	0.6	POSTHOC_QUANTIZATION_SENSITIVITY	144331	91313	85679	85679	85871	0.06764621022471674	0.06419835224082666	0.06713301316325417	0.06366336906885108	0.06816703668071057	0.06474096480733352	True	True	0.06713301316325417	0.06366336906885108	0.06855574031042248	0.06514001247023682	True	True
2026_all5mer	5mers_A_RNA_sparse_seq_10	0.6	POSTHOC_QUANTIZATION_SENSITIVITY	138537	84417	80000	80000	80182	0.04767869644165039	0.06057033696828652	0.04728356494903564	0.0600329938448869	0.04808145732879639	0.06111530948621739	True	True	0.04728356494903564	0.0600329938448869	0.04852684233182742	0.061648355068651975	True	True
2026_all5mer	5mers_A_RNA_sparse_seq_11	0.6	POSTHOC_QUANTIZATION_SENSITIVITY	146151	95068	90169	90169	90347	0.05644424121688607	0.06240721634391928	0.05600500959807937	0.061893657013252584	0.056891102230224026	0.06292840506911723	True	True	0.05600500959807937	0.061893657013252584	0.05723725141119318	0.06331760986396975	True	True
2026_all5mer	5mers_A_RNA_sparse_seq_12	0.6	POSTHOC_QUANTIZATION_SENSITIVITY	146910	93036	87066	87066	87299	0.06506731229041694	0.07777947501273513	0.06455925495507943	0.07715430826031192	0.0655829990202857	0.07841227115968959	True	True	0.06455925495507943	0.07715430826031192	0.06606393268421648	0.0789494800340844	True	True
2026_all5mer	5mers_A_RNA_sparse_seq_13	0.6	POSTHOC_QUANTIZATION_SENSITIVITY	143542	87073	82650	82650	82819	0.05375201798177674	0.06605472714534548	0.05333995212155692	0.06550844664295676	0.05417171323652781	0.06660863704226545	True	True	0.05333995212155692	0.06550844664295676	0.05453879544991138	0.06700968291751665	True	True
2026_all5mer	5mers_A_RNA_sparse_seq_14	0.6	POSTHOC_QUANTIZATION_SENSITIVITY	145398	91903	86893	86893	87091	0.05535383269376167	0.060466131019934546	0.05491524251489394	0.059951742568377486	0.05580005226716065	0.06098814886602284	True	True	0.05491524251489394	0.059951742568377486	0.05621775363791985	0.06141727296431625	True	True
2026_all5mer	5mers_A_RNA_sparse_seq_15	0.6	POSTHOC_QUANTIZATION_SENSITIVITY	143330	97937	90022	90022	90343	0.0902065165991922	0.09210090176721993	0.08954118690203419	0.0913807080999856	0.09087947569088146	0.09282872482898552	True	True	0.08954118690203419	0.0913807080999856	0.09141779778697574	0.09340303628166524	True	True
2026_all5mer	5mers_A_RNA_sparse_seq_16	0.6	POSTHOC_QUANTIZATION_SENSITIVITY	137067	96570	89901	89901	90193	0.07110100048346639	0.07302282078236161	0.07054696896865414	0.07242162967405452	0.07166266139280987	0.07363164128519997	True	True	0.07054696896865414	0.07242162967405452	0.07222396247123357	0.07426231682090853	True	True
2026_all5mer	5mers_A_RNA_sparse_seq_17	0.6	POSTHOC_QUANTIZATION_SENSITIVITY	139177	86709	82805	82805	82978	0.047831109448134575	0.05296501308696497	0.04744867739790585	0.05252012847183244	0.048221170892894544	0.05341752709662875	True	True	0.04744867739790585	0.05252012847183244	0.04863181938596723	0.05388186712545688	True	True
2026_all5mer	5mers_A_RNA_sparse_seq_18	0.6	POSTHOC_QUANTIZATION_SENSITIVITY	146200	91156	86390	86390	86585	0.05193320070238684	0.06601845305657007	0.051514963900025953	0.06546977744340246	0.05235906689927898	0.06657475806426894	True	True	0.051514963900025953	0.06546977744340246	0.05279966936476575	0.06707005663383378	True	True
2026_all5mer	5mers_A_RNA_sparse_seq_19	0.6	POSTHOC_QUANTIZATION_SENSITIVITY	143556	83789	79237	79237	79406	0.05705573855879023	0.06200642463689006	0.056631203438672804	0.0614769477123437	0.0574879030734389	0.06254353095596765	True	True	0.056631203438672804	0.0614769477123437	0.057919636814701705	0.06300074172087754	True	True
2026_all5mer	5mers_A_RNA_sparse_seq_20	0.6	POSTHOC_QUANTIZATION_SENSITIVITY	146635	99940	92936	92936	93204	0.08339734769908021	0.0956476423076815	0.08279297365587734	0.09494316646884746	0.08400935113681433	0.09635974754104679	True	True	0.08279297365587734	0.09494316646884746	0.08446394680876634	0.09681374735605403	True	True
2026_all5mer	5mers_A_RNA_sparse_seq_21	0.6	POSTHOC_QUANTIZATION_SENSITIVITY	144612	90299	85781	85781	85945	0.055163033470148205	0.06413581054110297	0.05472911911605753	0.06359747674796307	0.05560457721877013	0.06468177372877412	True	True	0.05472911911605753	0.06359747674796307	0.055965859350286244	0.06508238809008987	True	True
2026_all5mer	5mers_A_RNA_sparse_seq_22	0.6	POSTHOC_QUANTIZATION_SENSITIVITY	140810	95371	86795	86795	87118	0.09613178221749108	0.09747801332999351	0.0954108359029583	0.09672057999326887	0.09686035792655512	0.09824307606124938	True	True	0.0954108359029583	0.09672057999326887	0.09742582750242712	0.09881237466194641	True	True
2026_all5mer	5mers_A_RNA_sparse_seq_23	0.6	POSTHOC_QUANTIZATION_SENSITIVITY	144122	93303	86128	86128	86389	0.0760750154923622	0.0840436537771061	0.07548129255169722	0.08335861596637893	0.07667636782755843	0.0847363209823645	True	True	0.07548129255169722	0.08335861596637893	0.07717113824859881	0.08522482229626444	True	True
2026_all5mer	5mers_A_RNA_sparse_seq_24	0.6	POSTHOC_QUANTIZATION_SENSITIVITY	146462	98390	91773	91773	92025	0.06501446568551414	0.07848295442708655	0.06450110356893674	0.07785498830145665	0.06553545719662279	0.07911854994724771	True	True	0.06450110356893674	0.07785498830145665	0.066024478616173	0.07963053935332876	True	True
2026_all5mer	5mers_A_RNA_sparse_seq_25	0.6	POSTHOC_QUANTIZATION_SENSITIVITY	145248	93771	87831	87831	88050	0.07895908732921915	0.08002580594622855	0.07839916898234874	0.07939547269593628	0.0795266350706208	0.08066376859105209	True	True	0.07839916898234874	0.07939547269593628	0.07995148068308355	0.08114604284803952	True	True
2026_all5mer	5mers_A_RNA_sparse_seq_26	0.6	POSTHOC_QUANTIZATION_SENSITIVITY	143527	93651	87488	87488	87735	0.06303165773448931	0.06629605043111822	0.06252175852950681	0.06572057163538239	0.06354918633400304	0.0668791586213853	True	True	0.06252175852950681	0.06572057163538239	0.06403241509772192	0.06738993577763736	True	True
2026_all5mer	5mers_A_RNA_sparse_seq_27	0.6	POSTHOC_QUANTIZATION_SENSITIVITY	146108	91228	86596	86596	86797	0.05489155943220034	0.06237402006838405	0.054459903238992434	0.06183925045570304	0.055330845019939484	0.06291641907559631	True	True	0.054459903238992434	0.06183925045570304	0.05575697516294081	0.06342131419614476	True	True
2026_all5mer	5mers_A_RNA_sparse_seq_28	0.6	POSTHOC_QUANTIZATION_SENSITIVITY	143563	86760	82829	82829	82962	0.0643483782645294	0.06019941765197101	0.0639030989768831	0.0597116245359208	0.06480128694670693	0.06069484016255247	True	True	0.0639030989768831	0.0597116245359208	0.06513640708534338	0.06109955013592324	True	True
2026_all5mer	5mers_A_RNA_sparse_seq_29	0.6	POSTHOC_QUANTIZATION_SENSITIVITY	144210	86474	82695	82695	82836	0.045543266650201676	0.06237138959627415	0.04517439905594825	0.06184579447326246	0.04591976363898635	0.06290461411381709	True	True	0.04517439905594825	0.06184579447326246	0.04626260777985125	0.06336672830855097	True	True
2026_all5mer	5mers_A_RNA_sparse_seq_30	0.6	POSTHOC_QUANTIZATION_SENSITIVITY	138802	92727	86125	86125	86407	0.07560709149674857	0.06942427015242432	0.07502628905541318	0.06884474526188891	0.0761955233326152	0.07001142443749099	True	True	0.07502628905541318	0.06884474526188891	0.0767423832289747	0.07057708242400475	True	True
2026_all5mer	5mers_A_RNA_sparse_seq_31	0.6	POSTHOC_QUANTIZATION_SENSITIVITY	145363	86899	82927	82927	83084	0.04825626454114187	0.05914120427575849	0.04786946669538796	0.05862148115105857	0.048650691781427016	0.05966855679498967	True	True	0.04786946669538796	0.05862148115105857	0.048999601987368864	0.0601214029411926	True	True
2026_all5mer	5mers_A_RNA_sparse_seq_32	0.6	POSTHOC_QUANTIZATION_SENSITIVITY	140373	97135	89804	89804	90101	0.07872347589388896	0.08384206923868517	0.07811329169483855	0.08316482991469402	0.07934128948747063	0.08452693795720759	True	True	0.07811329169483855	0.08316482991469402	0.07989395759905897	0.08504885320262304	True	True
2026_all5mer	ALL	0.6	POSTHOC_QUANTIZATION_SENSITIVITY	4608734	2940322	2762542	2762542	2769543	0.0646725924387839	0.07093233473126756	0.06417496496216837	0.07035065766045613	0.06517784930993067	0.07152164119661023	True	True	0.06417496496216837	0.07035065766045613	0.06563009883128555	0.07201507733923068	True	True
2026_all5mer	5mers_A_RNA_sparse_seq_01	0.7	POSTHOC_QUANTIZATION_SENSITIVITY	143290	94025	84007	83765	84007	0.04691114065450078	0.04997184631669081	0.046533148779175394	0.04953724115011242	0.0472967619243574	0.05041408087780046	True	True	0.046106753442946784	0.049099752381894214	0.04729576741029812	0.050412807152549685	True	True
2026_all5mer	5mers_A_RNA_sparse_seq_02	0.7	POSTHOC_QUANTIZATION_SENSITIVITY	143542	93130	79980	79704	79980	0.05896519047822258	0.05713564317510045	0.05851383652797965	0.05665306301256073	0.059424173822996765	0.057625852732171426	True	True	0.057998947837344855	0.05615894639822891	0.05942303533952336	0.057624532653835984	True	True
2026_all5mer	5mers_A_RNA_sparse_seq_03	0.7	POSTHOC_QUANTIZATION_SENSITIVITY	147059	91400	80683	80449	80683	0.04711977734559884	0.05451875436592458	0.046739691080938964	0.054043271603864136	0.047507493004789965	0.05500186652251626	True	True	0.046335329847825756	0.05365052142394765	0.04750646333581104	0.05500035859831919	True	True
2026_all5mer	5mers_A_RNA_sparse_seq_04	0.7	POSTHOC_QUANTIZATION_SENSITIVITY	143648	91581	79720	79418	79720	0.06216092413535264	0.0734609796872918	0.06170790098566418	0.07290513996573278	0.06262157667957235	0.07402444880338208	True	True	0.061092679413940025	0.07227321150291334	0.06262039915736572	0.07403305587664231	True	True
2026_all5mer	5mers_A_RNA_sparse_seq_05	0.7	POSTHOC_QUANTIZATION_SENSITIVITY	145872	94407	83109	82811	83109	0.04482723985583938	0.052844417772838034	0.04445859635975985	0.0523780707968039	0.04520351274645016	0.05331839414340343	True	True	0.04389489885099806	0.05179399977449394	0.04520230417559461	0.05331675598742192	True	True
2026_all5mer	5mers_A_RNA_sparse_seq_06	0.7	POSTHOC_QUANTIZATION_SENSITIVITY	149149	93851	82784	82539	82784	0.051382134123847525	0.05070767533775561	0.050988663104587786	0.05027205679490217	0.05178323453763852	0.0511509232751403	True	True	0.05044625876787223	0.04974607545232082	0.051782350064614215	0.05114974807684801	True	True
2026_all5mer	5mers_A_RNA_sparse_seq_07	0.7	POSTHOC_QUANTIZATION_SENSITIVITY	144521	88910	76706	76427	76706	0.0597347075216892	0.061056447522353396	0.059292555234548655	0.06054579635359482	0.06018448920336099	0.06157472808564321	True	True	0.058731050152049706	0.0599799966507511	0.06018331436452831	0.061573059748636846	True	True
2026_all5mer	5mers_A_RNA_sparse_seq_08	0.7	POSTHOC_QUANTIZATION_SENSITIVITY	147619	88099	78621	78427	78621	0.047611351855977396	0.05559805519927675	0.04725200102712896	0.05513641249467095	0.047978332079357075	0.05606732729841379	True	True	0.04681871347961072	0.05467199370955001	0.04797756196087281	0.05606617381204394	True	True
2026_all5mer	5mers_A_RNA_sparse_seq_09	0.7	POSTHOC_QUANTIZATION_SENSITIVITY	144331	91313	79675	79427	79675	0.05542838573904669	0.05169103904678282	0.055010430940760316	0.05125336273214048	0.05585396993186431	0.05213634475595641	True	True	0.05448315821286272	0.05071833372927325	0.05585300381830729	0.0521351282409675	True	True
2026_all5mer	5mers_A_RNA_sparse_seq_10	0.7	POSTHOC_QUANTIZATION_SENSITIVITY	138537	84417	75410	75189	75410	0.037031527555774525	0.04771404299571293	0.036718829926026784	0.04727370165437878	0.03735185458005352	0.048162013731578315	True	True	0.036247893386465585	0.0467388333746974	0.03735085249788138	0.04816036788091675	True	True
2026_all5mer	5mers_A_RNA_sparse_seq_11	0.7	POSTHOC_QUANTIZATION_SENSITIVITY	146151	95068	85063	84832	85063	0.04626360115930332	0.050994059527436006	0.04590384784688306	0.05056853798196288	0.046630983866254826	0.05142721046744038	True	True	0.045486496422075855	0.05012340910991969	0.04663006239418459	0.05142597046281542	True	True
2026_all5mer	5mers_A_RNA_sparse_seq_12	0.7	POSTHOC_QUANTIZATION_SENSITIVITY	146910	93036	80781	80520	80781	0.05251853272214249	0.06425490953794546	0.05210826824337125	0.0637353761942191	0.05293642659544497	0.06478207227620306	True	True	0.051623170741801824	0.06316632860369936	0.05293534007280051	0.06478058279044191	True	True
2026_all5mer	5mers_A_RNA_sparse_seq_13	0.7	POSTHOC_QUANTIZATION_SENSITIVITY	143542	87073	77992	77779	77992	0.04309936298053807	0.0535230078569954	0.04276941220984604	0.05307215120269135	0.043436943145761346	0.05398149390583071	True	True	0.042243267059277126	0.05244192412613656	0.04343613070797977	0.05398017935677666	True	True
2026_all5mer	5mers_A_RNA_sparse_seq_14	0.7	POSTHOC_QUANTIZATION_SENSITIVITY	145398	91903	81696	81434	81696	0.044222431653534906	0.04849433706041629	0.043869164052590455	0.04807129972043288	0.0445833286490106	0.04892500379493095	True	True	0.04334287514377297	0.04751267244204642	0.044582271531101676	0.04892370859824652	True	True
2026_all5mer	5mers_A_RNA_sparse_seq_15	0.7	POSTHOC_QUANTIZATION_SENSITIVITY	143330	97937	81600	81225	81600	0.07562011344760072	0.07664160966514898	0.07507026279673856	0.07604036411381504	0.07617759349299412	0.07725048461101415	True	True	0.07439318430610861	0.07537388684648087	0.07617615550172095	0.07724871180726853	True	True
2026_all5mer	5mers_A_RNA_sparse_seq_16	0.7	POSTHOC_QUANTIZATION_SENSITIVITY	137067	96570	82956	82666	82956	0.05831071211784852	0.059490159889549574	0.0578571891444382	0.05899398436678345	0.058771864485790096	0.05999396480684694	True	True	0.05730010035353344	0.05843562480696668	0.05877074987094297	0.05999260517051182	True	True
2026_all5mer	5mers_A_RNA_sparse_seq_17	0.7	POSTHOC_QUANTIZATION_SENSITIVITY	139177	86709	78478	78298	78478	0.03812784414510849	0.042333724225137356	0.037821045131863684	0.04197222865816104	0.03844227255288454	0.042702849186644916	True	True	0.03737267281269856	0.04142364750267841	0.038441584762160655	0.042701938580153496	True	True
2026_all5mer	5mers_A_RNA_sparse_seq_18	0.7	POSTHOC_QUANTIZATION_SENSITIVITY	146200	91156	81396	81187	81396	0.04127780843632855	0.0542336668118706	0.04094196810547307	0.05377641367519227	0.04162127816171528	0.054698549343080174	True	True	0.040534167888988636	0.05327418312349591	0.04162040743817743	0.05469734647459108	True	True
2026_all5mer	5mers_A_RNA_sparse_seq_19	0.7	POSTHOC_QUANTIZATION_SENSITIVITY	143556	83789	74440	74240	74440	0.04548956344743879	0.048747131718457015	0.04515388033711609	0.048317738434236646	0.04583287595229275	0.049184154397208635	True	True	0.04470339479117558	0.04783578902929099	0.0458320058323503	0.049182670667322334	True	True
2026_all5mer	5mers_A_RNA_sparse_seq_20	0.7	POSTHOC_QUANTIZATION_SENSITIVITY	146635	99940	85486	85135	85486	0.07046850561590837	0.08302634483861039	0.06996700460986713	0.08242441761195497	0.07097763601648086	0.08363590145979707	True	True	0.06936015512586627	0.08179894867807272	0.07097632927896043	0.08368057629417619	True	True
2026_all5mer	5mers_A_RNA_sparse_seq_21	0.7	POSTHOC_QUANTIZATION_SENSITIVITY	144612	90299	80823	80625	80823	0.04452601035238352	0.05181747248733727	0.04417422661948216	0.05137223165628472	0.04488542347981614	0.05227034271292107	True	True	0.04377298953034157	0.050910881376083995	0.04488461627037245	0.05226921014433685	True	True
2026_all5mer	5mers_A_RNA_sparse_seq_22	0.7	POSTHOC_QUANTIZATION_SENSITIVITY	140810	95371	77670	77274	77670	0.08029724284152781	0.08124028205828904	0.07970101111058303	0.08060902413021664	0.08090110396700383	0.08187916938089268	True	True	0.07904579882746784	0.0799722366926245	0.08089942401106545	0.0818772469305064	True	True
2026_all5mer	5mers_A_RNA_sparse_seq_23	0.7	POSTHOC_QUANTIZATION_SENSITIVITY	144122	93303	78699	78383	78699	0.061785642424463355	0.06946184462705039	0.06130278155492218	0.06888963633271529	0.06227613268853579	0.07004168231591675	True	True	0.060693535005933906	0.0682417538161159	0.0622748325378777	0.07004003907412891	True	True
2026_all5mer	5mers_A_RNA_sparse_seq_24	0.7	POSTHOC_QUANTIZATION_SENSITIVITY	146462	98390	84989	84697	84989	0.05208399844829701	0.0647061447330247	0.05167076671807574	0.06418508729587298	0.052504859573049525	0.06523483156470768	True	True	0.05117123918859748	0.0636836512834123	0.0525036832589985	0.06523318120405253	True	True
2026_all5mer	5mers_A_RNA_sparse_seq_25	0.7	POSTHOC_QUANTIZATION_SENSITIVITY	145248	93771	81633	81354	81633	0.06692460138987921	0.06669833958766996	0.06645943398188434	0.06616958264222347	0.06739739819240534	0.0672347259276477	True	True	0.06590725079830509	0.06555880011078527	0.06739635175794888	0.06723327919177854	True	True
2026_all5mer	5mers_A_RNA_sparse_seq_26	0.7	POSTHOC_QUANTIZATION_SENSITIVITY	143527	93651	80829	80565	80829	0.049615355214853295	0.05214878102910696	0.049208660272271845	0.05168081361161033	0.050029679551965994	0.052624377841134835	True	True	0.04862842378703337	0.051026950462141285	0.050028674970184456	0.052623066038833044	True	True
2026_all5mer	5mers_A_RNA_sparse_seq_27	0.7	POSTHOC_QUANTIZATION_SENSITIVITY	146108	91228	81555	81334	81555	0.044096171369909856	0.04996983852098347	0.0437475864339537	0.04952887623711694	0.04445238570039726	0.05041843019938125	True	True	0.04331161893372352	0.04909405238066214	0.04445148214359271	0.050417071011715886	True	True
2026_all5mer	5mers_A_RNA_sparse_seq_28	0.7	POSTHOC_QUANTIZATION_SENSITIVITY	143563	86760	78422	78239	78422	0.054779357338112185	0.04900235763959634	0.05440999986638296	0.0486007096113929	0.055156344204372654	0.049411635062331025	True	True	0.05400840636312243	0.0480787870995864	0.05515562599720901	0.04941052411343163	True	True
2026_all5mer	5mers_A_RNA_sparse_seq_29	0.7	POSTHOC_QUANTIZATION_SENSITIVITY	144210	86474	78648	78461	78648	0.036109210346009675	0.05104676313493717	0.035812661189681794	0.050607081416658886	0.0364133888968688	0.0514940742477467	True	True	0.03545810315712932	0.05018672925985304	0.03641254146057135	0.05149283644739565	True	True
2026_all5mer	5mers_A_RNA_sparse_seq_30	0.7	POSTHOC_QUANTIZATION_SENSITIVITY	138802	92727	79064	78766	79064	0.06199405295373843	0.05579649835577947	0.06151956625582054	0.05532231066208673	0.062476169046187566	0.056278315444003454	True	True	0.06097111548076591	0.054727756769820446	0.06247492238938006	0.05627690941245059	True	True
2026_all5mer	5mers_A_RNA_sparse_seq_31	0.7	POSTHOC_QUANTIZATION_SENSITIVITY	145363	86899	78579	78363	78579	0.03851487158721674	0.046889751604447624	0.0382038493609064	0.046463031302238285	0.03883352320805833	0.04732410130118821	True	True	0.03776447578534253	0.04590707996503742	0.038832585431105265	0.04732237277494841	True	True
2026_all5mer	5mers_A_RNA_sparse_seq_32	0.7	POSTHOC_QUANTIZATION_SENSITIVITY	140373	97135	82018	81658	82018	0.0643236250090074	0.06918099564005882	0.06382450951273891	0.06861591153223194	0.06483036989980714	0.06975370914241696	True	True	0.06314801418847558	0.06790830812659973	0.06482897357307667	0.06975204949449094	True	True
2026_all5mer	ALL	0.7	POSTHOC_QUANTIZATION_SENSITIVITY	4608734	2940322	2573512	2565191	2573512	0.05260646749119916	0.05782616592219493	0.05220261789468012	0.057345101320169706	0.05301794648224945	0.058314859918751405	True	True	0.05168594341084686	0.056793476635022044	0.0530168959662134	0.05831344762093424	True	True
2026_all5mer	5mers_A_RNA_sparse_seq_01	0.8	POSTHOC_QUANTIZATION_SENSITIVITY	143290	94025	76792	76792	77124	0.034743374096178635	0.03706718554267978	0.03446220976571911	0.03673747604462143	0.03503216782116942	0.03740452443526937	True	True	0.03446220976571911	0.0367328812293794	0.0354511437743267	0.03779487323540345	True	True
2026_all5mer	5mers_A_RNA_sparse_seq_02	0.8	POSTHOC_QUANTIZATION_SENSITIVITY	143542	93130	71410	71410	71806	0.043013018757801835	0.041583903717130846	0.04268381663387754	0.0412238993169236	0.04334985027625737	0.04195153751186934	True	True	0.04267086809863608	0.04121654534571027	0.044069043872633065	0.04258986048033349	True	True
2026_all5mer	5mers_A_RNA_sparse_seq_03	0.8	POSTHOC_QUANTIZATION_SENSITIVITY	147059	91400	73441	73441	73754	0.03349434330358843	0.03995067646109187	0.03321926950981485	0.03958915478770196	0.03377704649189326	0.04031982752901303	True	True	0.03321926950981485	0.03954625141132336	0.03431703853164955	0.040953910299675475	True	True
2026_all5mer	5mers_A_RNA_sparse_seq_04	0.8	POSTHOC_QUANTIZATION_SENSITIVITY	143648	91581	71821	71821	72180	0.046965998490268585	0.058959647180867214	0.04662848943038781	0.058521337911091875	0.047311136944680615	0.05940558584517381	True	True	0.04660134511045343	0.058344076793278105	0.04794722333724132	0.06010505426273513	True	True
2026_all5mer	5mers_A_RNA_sparse_seq_05	0.8	POSTHOC_QUANTIZATION_SENSITIVITY	145872	94407	75413	75413	75747	0.030459814190654324	0.0379228883810238	0.030201143339103814	0.03757443415182788	0.03072611443673608	0.03827897200475097	True	True	0.030201143339103814	0.037532474966561084	0.031346452830781975	0.03883698945129413	True	True
2026_all5mer	5mers_A_RNA_sparse_seq_06	0.8	POSTHOC_QUANTIZATION_SENSITIVITY	149149	93851	75235	75235	75553	0.0369648236043827	0.03688775952199286	0.03668050253249454	0.03656317788314719	0.037256774070802114	0.037219970555369776	True	True	0.03668050253249454	0.03656317788314719	0.03781742206571618	0.037728508432319396	True	True
2026_all5mer	5mers_A_RNA_sparse_seq_07	0.8	POSTHOC_QUANTIZATION_SENSITIVITY	144521	88910	68786	68786	69131	0.04252622659439381	0.04388558562095843	0.04221026489055504	0.04350448939362393	0.04284981769276384	0.04427431124282416	True	True	0.042200767451454464	0.0434762769013309	0.04358835884035858	0.045121021444825105	True	True
2026_all5mer	5mers_A_RNA_sparse_seq_08	0.8	POSTHOC_QUANTIZATION_SENSITIVITY	147619	88099	72302	72302	72611	0.03454890653063577	0.040626222172275475	0.0342883078680207	0.04028014403678838	0.034817134587782086	0.040979929702293826	True	True	0.0342883078680207	0.04024239346282398	0.035352577471837836	0.04160333265752819	True	True
2026_all5mer	5mers_A_RNA_sparse_seq_09	0.8	POSTHOC_QUANTIZATION_SENSITIVITY	144331	91313	71913	71913	72239	0.039828838269721445	0.03668017422550463	0.03952794770379008	0.03636016050202458	0.040137358230184064	0.037007817343515936	True	True	0.03952794770379008	0.036357028180477674	0.04073025444185079	0.03755408828465548	True	True
2026_all5mer	5mers_A_RNA_sparse_seq_10	0.8	POSTHOC_QUANTIZATION_SENSITIVITY	138537	84417	69480	69480	69710	0.024888991650727953	0.034048716711945995	0.024670922296378003	0.03371756594675556	0.02511469039960915	0.03438749687166767	True	True	0.024670922296378003	0.033688232742234904	0.0254570536467766	0.034877851019341516	True	True
2026_all5mer	5mers_A_RNA_sparse_seq_11	0.8	POSTHOC_QUANTIZATION_SENSITIVITY	146151	95068	78216	78216	78554	0.033663911322966006	0.037627859488103474	0.03340072471866021	0.037307965928809014	0.03393472732180306	0.037955382441929184	True	True	0.03340072471866021	0.03729134899853917	0.03445833339963592	0.03841667597394689	True	True
2026_all5mer	5mers_A_RNA_sparse_seq_12	0.8	POSTHOC_QUANTIZATION_SENSITIVITY	146910	93036	72821	72821	73225	0.03795873166551547	0.04950575492290177	0.03766165784006384	0.0491059098758417	0.03826343488549835	0.04991322936449309	True	True	0.03766165784006384	0.04895472543572071	0.03893810708412908	0.050683903612427646	True	True
2026_all5mer	5mers_A_RNA_sparse_seq_13	0.8	POSTHOC_QUANTIZATION_SENSITIVITY	143542	87073	71968	71968	72192	0.0301767966650814	0.039711153398201846	0.02994412557450121	0.03937088979568089	0.030417097150192838	0.04005904639525406	True	True	0.02994412557450121	0.039326487227380955	0.030938212457278094	0.04054007216089612	True	True
2026_all5mer	5mers_A_RNA_sparse_seq_14	0.8	POSTHOC_QUANTIZATION_SENSITIVITY	145398	91903	74776	74776	75085	0.0309993870005552	0.0348362665120197	0.030747654324000284	0.034522863989724935	0.03125874907164136	0.03515729842884572	True	True	0.030747654324000284	0.03451895487363521	0.031807208625471865	0.035710154947747506	True	True
2026_all5mer	5mers_A_RNA_sparse_seq_15	0.8	POSTHOC_QUANTIZATION_SENSITIVITY	143330	97937	71119	71119	71595	0.05674090440617341	0.058160934138546595	0.056333501936455095	0.05770125544520646	0.057155936270422966	0.05862824222641798	True	True	0.05625129039585924	0.05757510645402728	0.05816438135775881	0.05957514079040206	True	True
2026_all5mer	5mers_A_RNA_sparse_seq_16	0.8	POSTHOC_QUANTIZATION_SENSITIVITY	137067	96570	73792	73792	74193	0.042590993647976534	0.04340929631545157	0.04226029425833604	0.04304107205946492	0.04292932243214828	0.043785149965969467	True	True	0.04224967199760737	0.04301825778146168	0.04369861232553067	0.04456495430031503	True	True
2026_all5mer	5mers_A_RNA_sparse_seq_17	0.8	POSTHOC_QUANTIZATION_SENSITIVITY	139177	86709	72944	72944	73216	0.02728105265991184	0.031049316162054728	0.027059231026179437	0.030780692281073323	0.027510503688175498	0.03132556943756738	True	True	0.027059231026179437	0.030780692281073323	0.027992139196062426	0.03179926853120199	True	True
2026_all5mer	5mers_A_RNA_sparse_seq_18	0.8	POSTHOC_QUANTIZATION_SENSITIVITY	146200	91156	74979	74979	75276	0.029108262363836224	0.04079501946559995	0.02886662432147668	0.04044485418041382	0.029357529800727016	0.04115281414531734	True	True	0.02886662432147668	0.04037073946716284	0.029894730920486043	0.041844641596129675	True	True
2026_all5mer	5mers_A_RNA_sparse_seq_19	0.8	POSTHOC_QUANTIZATION_SENSITIVITY	143556	83789	68485	68485	68738	0.03197144946103689	0.03468266703211931	0.03173756515526324	0.034366753749924886	0.032212963161341784	0.03500620970884499	True	True	0.03173756515526324	0.034366753749924886	0.0328014318305303	0.03556588999176593	True	True
2026_all5mer	5mers_A_RNA_sparse_seq_20	0.8	POSTHOC_QUANTIZATION_SENSITIVITY	146635	99940	75912	75912	76313	0.05397758118055281	0.06823820132392637	0.053602879938605415	0.06775919629431211	0.05435991181703146	0.0687248357480719	True	True	0.05354556041967051	0.06750524067113699	0.055031756061988686	0.06941803055956913	True	True
2026_all5mer	5mers_A_RNA_sparse_seq_21	0.8	POSTHOC_QUANTIZATION_SENSITIVITY	144612	90299	74378	74378	74669	0.03196640617795065	0.038249305087688173	0.031710626156531606	0.037911004935748	0.03222981559390094	0.03859523463415959	True	True	0.031710626156531606	0.03787817090444377	0.0327915435391711	0.03918522080715374	True	True
2026_all5mer	5mers_A_RNA_sparse_seq_22	0.8	POSTHOC_QUANTIZATION_SENSITIVITY	140810	95371	66175	66175	66689	0.06051880707144512	0.06189117451195935	0.06007607235564436	0.061412263987876	0.06096917118177713	0.06237771443057395	True	True	0.05995235862234033	0.06124510720135856	0.061932148602138845	0.06330956917398875	True	True
2026_all5mer	5mers_A_RNA_sparse_seq_23	0.8	POSTHOC_QUANTIZATION_SENSITIVITY	144122	93303	69224	69224	69664	0.04425119584962066	0.052169794513839476	0.043902485656914625	0.05173382039004798	0.04460753543685795	0.05261339803216224	True	True	0.043881887537142616	0.051592959791809695	0.045468194191278795	0.05362620140601032	True	True
2026_all5mer	5mers_A_RNA_sparse_seq_24	0.8	POSTHOC_QUANTIZATION_SENSITIVITY	146462	98390	76233	76233	76630	0.03659968790052795	0.04851695038748386	0.03630561413781905	0.04812415146660688	0.0369013910577681	0.04891737870289209	True	True	0.03630561413781905	0.04799792741191136	0.03759221319322811	0.04976181657074514	True	True
2026_all5mer	5mers_A_RNA_sparse_seq_25	0.8	POSTHOC_QUANTIZATION_SENSITIVITY	145248	93771	73648	73648	74025	0.05139744916274033	0.050469007546547026	0.05104884856839608	0.0500642047793399	0.051753679151615835	0.050881439708285396	True	True	0.05100536087155221	0.05000785190957303	0.05250511946423002	0.051583227901406514	True	True
2026_all5mer	5mers_A_RNA_sparse_seq_26	0.8	POSTHOC_QUANTIZATION_SENSITIVITY	143527	93651	72399	72399	72782	0.03367980809288724	0.03575758385666267	0.033394450517245364	0.03541697719222121	0.03397279506306037	0.036105819915635384	True	True	0.033394450517245364	0.03541697719222121	0.03468191228352252	0.036836981081961734	True	True
2026_all5mer	5mers_A_RNA_sparse_seq_27	0.8	POSTHOC_QUANTIZATION_SENSITIVITY	146108	91228	74901	74901	75183	0.03134573860844296	0.03616554950679542	0.031095265314016584	0.035834927771427584	0.03160384129740059	0.03650380063669451	True	True	0.031095265314016584	0.035821470925656185	0.032147152362623214	0.03709183442883953	True	True
2026_all5mer	5mers_A_RNA_sparse_seq_28	0.8	POSTHOC_QUANTIZATION_SENSITIVITY	143563	86760	72863	72863	73111	0.04303419082976879	0.036564859702671815	0.04275378123611478	0.03626286096448654	0.04332222981795405	0.03687448783538834	True	True	0.04274559861651819	0.0362570204175965	0.0437568423058618	0.037351342943521965	True	True
2026_all5mer	5mers_A_RNA_sparse_seq_29	0.8	POSTHOC_QUANTIZATION_SENSITIVITY	144210	86474	73191	73191	73415	0.02497937836920467	0.03803726396178884	0.024768515845354	0.03770255278995979	0.025197870287586587	0.03837960452814913	True	True	0.024768515845354	0.03763868997455461	0.025611572589859976	0.03877633536328877	True	True
2026_all5mer	5mers_A_RNA_sparse_seq_30	0.8	POSTHOC_QUANTIZATION_SENSITIVITY	138802	92727	69977	69977	70390	0.04586642848465291	0.04039955437354233	0.04551835852406472	0.04004970527111874	0.04622212783977235	0.04075703287049717	True	True	0.045492148824343395	0.040027548026802175	0.04704579657287798	0.041507855108879346	True	True
2026_all5mer	5mers_A_RNA_sparse_seq_31	0.8	POSTHOC_QUANTIZATION_SENSITIVITY	145363	86899	73053	73053	73315	0.027827392862609837	0.03420220462780328	0.027600440333064587	0.03387908514625768	0.028061974786686334	0.03453295350388012	True	True	0.027600440333064587	0.033866416663706767	0.028555687480885664	0.03503702829689668	True	True
2026_all5mer	5mers_A_RNA_sparse_seq_32	0.8	POSTHOC_QUANTIZATION_SENSITIVITY	140373	97135	71856	71856	72269	0.046256237586392406	0.051731234715366045	0.04589442913740893	0.05130318741871881	0.04662567542990712	0.05216691140654453	True	True	0.04586759769603348	0.05119989705672161	0.047460300531385606	0.0530380921738232	True	True
2026_all5mer	ALL	0.8	POSTHOC_QUANTIZATION_SENSITIVITY	4608734	2940322	2329503	2329503	2340384	0.038003663523740766	0.042800716065028166	0.03771154041447956	0.04243858493714794	0.03830341602753322	0.04317047658743964	True	True	0.03771154041447956	0.04239498490262118	0.03892196120260281	0.043815256328319646	True	True
2026_all5mer	5mers_A_RNA_sparse_seq_01	0.9	POSTHOC_QUANTIZATION_SENSITIVITY	143290	94025	65166	64455	65166	0.020309216782331312	0.023743362494876793	0.02014339400073886	0.023534644279373476	0.02048266895845502	0.02395971010491136	True	True	0.019284951649317223	0.022585209625756088	0.020583517385963482	0.024249367604836876	True	True
2026_all5mer	5mers_A_RNA_sparse_seq_02	0.9	POSTHOC_QUANTIZATION_SENSITIVITY	143542	93130	58401	57640	58401	0.022763725805012337	0.023755700840744486	0.022584364097050322	0.02354305422014359	0.022950716907505598	0.02397597685587663	True	True	0.02138684220823638	0.022309270415915176	0.023097804872598424	0.0242383818406171	True	True
2026_all5mer	5mers_A_RNA_sparse_seq_03	0.9	POSTHOC_QUANTIZATION_SENSITIVITY	147059	91400	62141	61468	62141	0.01720746547514627	0.02509087126171708	0.01705659736283022	0.024859110501272656	0.017365962981993572	0.025330261416692746	True	True	0.016203761488697586	0.02387423644668875	0.01743540182289551	0.02581730554405852	True	True
2026_all5mer	5mers_A_RNA_sparse_seq_04	0.9	POSTHOC_QUANTIZATION_SENSITIVITY	143648	91581	59745	59011	59745	0.02578212199465322	0.041713964457102556	0.025592936443099318	0.04141750048383706	0.025978936940738374	0.042018057824899306	True	True	0.02434814657769279	0.039838344903781915	0.02614828173054885	0.04298879838149993	True	True
2026_all5mer	5mers_A_RNA_sparse_seq_05	0.9	POSTHOC_QUANTIZATION_SENSITIVITY	145872	94407	64013	63344	64013	0.015758950025764572	0.025082830229467667	0.015617806942046928	0.024856450128895674	0.015907722504013466	0.025316839724570914	True	True	0.015023802995290393	0.02414942022014663	0.015962510443528092	0.025814832123871808	True	True
2026_all5mer	5mers_A_RNA_sparse_seq_06	0.9	POSTHOC_QUANTIZATION_SENSITIVITY	149149	93851	64165	63485	64165	0.020436337980134986	0.022057983187339994	0.02027492221477648	0.02186020998903557	0.02060538314002474	0.022263385780175664	True	True	0.019415509603131216	0.021049253658101202	0.020704150655682086	0.02249950219954569	True	True
2026_all5mer	5mers_A_RNA_sparse_seq_07	0.9	POSTHOC_QUANTIZATION_SENSITIVITY	144521	88910	57277	56599	57277	0.02159771187556827	0.026448413298385327	0.021429621103741196	0.026210569732004523	0.021773432041926596	0.026693886259297382	True	True	0.020358111025180457	0.02502501561192953	0.021894735116920087	0.0271743689403581	True	True
2026_all5mer	5mers_A_RNA_sparse_seq_08	0.9	POSTHOC_QUANTIZATION_SENSITIVITY	147619	88099	62618	62067	62618	0.017741323351239423	0.025276528525662485	0.01760078217442656	0.025060437121569735	0.017889493922583537	0.025500249324286486	True	True	0.016818210912319435	0.024208694553188803	0.017949111109090435	0.025890468832913946	True	True
2026_all5mer	5mers_A_RNA_sparse_seq_09	0.9	POSTHOC_QUANTIZATION_SENSITIVITY	144331	91313	60555	59917	60555	0.021408258387241422	0.02069547365358048	0.021241607426632426	0.02050780508809242	0.02158253874238167	0.02089077161359979	True	True	0.020227933301751724	0.019749452642206088	0.021687711748602748	0.02103304891787707	True	True
2026_all5mer	5mers_A_RNA_sparse_seq_10	0.9	POSTHOC_QUANTIZATION_SENSITIVITY	138537	84417	60656	60168	60656	0.01218869786122895	0.021402448428203175	0.01207230079145741	0.02118792760086274	0.012312724325531738	0.021624598650074857	True	True	0.011626357078269079	0.02042812307452485	0.012327790161307193	0.022020533007329597	True	True
2026_all5mer	5mers_A_RNA_sparse_seq_11	0.9	POSTHOC_QUANTIZATION_SENSITIVITY	146151	95068	67540	66948	67540	0.018701051006593892	0.02292268408366431	0.018551004063564185	0.022726270290403673	0.018858727344154853	0.023126727271456197	True	True	0.0177678936519631	0.021714162194646426	0.01892565993562542	0.023350334769599294	True	True
2026_all5mer	5mers_A_RNA_sparse_seq_12	0.9	POSTHOC_QUANTIZATION_SENSITIVITY	146910	93036	60949	60276	60949	0.020674153116252453	0.03424980068011741	0.020508582587042547	0.03398598571281231	0.020847353039993605	0.03452124504195375	True	True	0.019642848034286613	0.03280243374996339	0.020953125730281602	0.035208558346028644	True	True
2026_all5mer	5mers_A_RNA_sparse_seq_13	0.9	POSTHOC_QUANTIZATION_SENSITIVITY	143542	87073	63194	62678	63194	0.015424039690812283	0.026854328483489516	0.015299603437801651	0.026632802698061266	0.015556105338354165	0.027083483663449013	True	True	0.01447168615377685	0.025837596111968668	0.015593694968748257	0.027563167602430515	True	True
2026_all5mer	5mers_A_RNA_sparse_seq_14	0.9	POSTHOC_QUANTIZATION_SENSITIVITY	145398	91903	64149	63592	64149	0.015547898325292514	0.02043747584832221	0.015414066014690286	0.020250531658208126	0.01568936003042599	0.020632049432967543	True	True	0.0148088083252334	0.019455476078141146	0.015732260120950674	0.020856239258602242	True	True
2026_all5mer	5mers_A_RNA_sparse_seq_15	0.9	POSTHOC_QUANTIZATION_SENSITIVITY	143330	97937	55751	54888	55751	0.03261255387889886	0.03731560153749315	0.03238037928271466	0.0370219353199321	0.0328523578696143	0.03761689714958546	True	True	0.03083465927200811	0.03521434958102809	0.033160511421141604	0.03840767264348273	True	True
2026_all5mer	5mers_A_RNA_sparse_seq_16	0.9	POSTHOC_QUANTIZATION_SENSITIVITY	137067	96570	60444	59679	60444	0.02430192110406107	0.026452984606145	0.024112530763156677	0.026228950229528484	0.02449894083949671	0.02668464837729277	True	True	0.023139667111311657	0.025248593688461954	0.024662728361820575	0.027012766697873742	True	True
2026_all5mer	5mers_A_RNA_sparse_seq_17	0.9	POSTHOC_QUANTIZATION_SENSITIVITY	139177	86709	64297	63776	64297	0.014759941557316686	0.0189211091527412	0.014635615247436944	0.018758954519269556	0.01489189726172768	0.01909089318074409	True	True	0.014018812652639667	0.018082127576805655	0.014925672622990018	0.019225116468220026	True	True
2026_all5mer	5mers_A_RNA_sparse_seq_18	0.9	POSTHOC_QUANTIZATION_SENSITIVITY	146200	91156	64888	64250	64888	0.01540990675911041	0.02653282950860848	0.015276204935646928	0.026306866105188044	0.015551237977105142	0.026766422306560168	True	True	0.01437205434320047	0.024950660075946422	0.01559715040894959	0.02728057612442198	True	True
2026_all5mer	5mers_A_RNA_sparse_seq_19	0.9	POSTHOC_QUANTIZATION_SENSITIVITY	143556	83789	60150	59708	60150	0.015623257098748896	0.02165068699023113	0.015504582659562033	0.021456046035301927	0.01574956093246701	0.021852957339691583	True	True	0.014766832133888678	0.020531361674498615	0.015784661714494982	0.022134768225997463	True	True
2026_all5mer	5mers_A_RNA_sparse_seq_20	0.9	POSTHOC_QUANTIZATION_SENSITIVITY	146635	99940	61665	60878	61665	0.032804484279604425	0.05310376718053599	0.03258553364749934	0.052763857673237935	0.033031064306240754	0.0534513060823653	True	True	0.03130213859541623	0.0512410695130777	0.0332862388583315	0.054769279273332694	True	True
2026_all5mer	5mers_A_RNA_sparse_seq_21	0.9	POSTHOC_QUANTIZATION_SENSITIVITY	144612	90299	64096	63501	64096	0.016777515173315466	0.02405356945542107	0.01663658682013296	0.023838853916258	0.016926072921029222	0.02427591438911539	True	True	0.01590821653544472	0.023064504475779905	0.016981824439152596	0.024644195431039555	True	True
2026_all5mer	5mers_A_RNA_sparse_seq_22	0.9	POSTHOC_QUANTIZATION_SENSITIVITY	140810	95371	50209	49310	50209	0.03698193414625012	0.04168951220001678	0.036718235001813516	0.041379645481125715	0.037253262685217975	0.04200700831343909	True	True	0.03491864245910571	0.03951700867230948	0.03767946227734683	0.042781567356000076	True	True
2026_all5mer	5mers_A_RNA_sparse_seq_23	0.9	POSTHOC_QUANTIZATION_SENSITIVITY	144122	93303	55396	54607	55396	0.023024519700609446	0.03464154323781183	0.022834636526543686	0.03435583749049147	0.02322203226920646	0.03493487837966344	True	True	0.021742871337806773	0.03288673511695548	0.02339008597219865	0.03591479737418615	True	True
2026_all5mer	5mers_A_RNA_sparse_seq_24	0.9	POSTHOC_QUANTIZATION_SENSITIVITY	146462	98390	63471	62740	63471	0.019619515366973542	0.03184670798241917	0.01945762503857261	0.03159645932077914	0.019789035089905725	0.032104586038590455	True	True	0.01846349992129391	0.030219217765287056	0.019887214570772645	0.0327646681303612	True	True
2026_all5mer	5mers_A_RNA_sparse_seq_25	0.9	POSTHOC_QUANTIZATION_SENSITIVITY	145248	93771	61604	60943	61604	0.028543338165075142	0.031433620913159266	0.028348720737048833	0.03117699158028054	0.028745584987632702	0.031697879640569235	True	True	0.026980910605783812	0.02987813334013998	0.028912529769872217	0.032175391489048896	True	True
2026_all5mer	5mers_A_RNA_sparse_seq_26	0.9	POSTHOC_QUANTIZATION_SENSITIVITY	143527	93651	60329	59595	60329	0.016642518408601332	0.019737839172413507	0.016488633701748304	0.01953442425025893	0.01680403250998561	0.01994888348909933	True	True	0.015845893753547897	0.018858810108011662	0.016878558487553496	0.02019711015616792	True	True
2026_all5mer	5mers_A_RNA_sparse_seq_27	0.9	POSTHOC_QUANTIZATION_SENSITIVITY	146108	91228	64806	64209	64806	0.015938541791551117	0.02228416938125302	0.015802856036565505	0.02207740457688607	0.016081856941067982	0.022498563580151225	True	True	0.014983829874286678	0.021288399526802147	0.016129409141476432	0.02282371121420815	True	True
2026_all5mer	5mers_A_RNA_sparse_seq_28	0.9	POSTHOC_QUANTIZATION_SENSITIVITY	143563	86760	64407	63926	64407	0.027105263930601822	0.022414845297384283	0.026935044399880228	0.022229554405498956	0.027283112855854663	0.022607765583800857	True	True	0.025988972146829555	0.021571898978981603	0.02738995263296532	0.02270213013260961	True	True
2026_all5mer	5mers_A_RNA_sparse_seq_29	0.9	POSTHOC_QUANTIZATION_SENSITIVITY	144210	86474	64887	64374	64887	0.013002013466435971	0.026433824992165764	0.012884603366883848	0.026208588076575466	0.013127052960519345	0.026666691302287316	True	True	0.012223019169729222	0.025114180709777056	0.013147087094799621	0.02719034497450669	True	True
2026_all5mer	5mers_A_RNA_sparse_seq_30	0.9	POSTHOC_QUANTIZATION_SENSITIVITY	138802	92727	56891	56122	56891	0.026401376550744208	0.023405809631743192	0.026200769848245303	0.023198043385197292	0.026609612647774363	0.023621205272820342	True	True	0.025100998083540573	0.02239921756545464	0.026809374728935357	0.02379452149714282	True	True
2026_all5mer	5mers_A_RNA_sparse_seq_31	0.9	POSTHOC_QUANTIZATION_SENSITIVITY	145363	86899	64410	63899	64410	0.014908529257037739	0.02128402068310922	0.014780202983162674	0.021077931019955573	0.015044484925444055	0.021497739740794122	True	True	0.014250838265959872	0.02047153320301611	0.015079101083321238	0.021794151077627225	True	True
2026_all5mer	5mers_A_RNA_sparse_seq_32	0.9	POSTHOC_QUANTIZATION_SENSITIVITY	140373	97135	57220	56379	57220	0.024917854007746282	0.03383887380227643	0.02471549825124997	0.03356288725952922	0.02512783915877384	0.03412248973955489	True	True	0.023455386768784982	0.03219799007224591	0.02532430921272437	0.034887953819461484	True	True
2026_all5mer	ALL	0.9	POSTHOC_QUANTIZATION_SENSITIVITY	4608734	2940322	1965490	1944432	1965490	0.020547503071411514	0.027038454020207228	0.020385569825577647	0.026811193448060523	0.020717065711776627	0.027273343986885183	True	True	0.01945856298336928	0.025769530121286265	0.02081722665741003	0.027695085981918985	True	True
2026_all5mer	5mers_A_RNA_sparse_seq_01	0.95	POSTHOC_QUANTIZATION_SENSITIVITY	143290	94025	52429	50832	52429	0.008384414061964492	0.01790994283286746	0.008307310087380821	0.0177870761135126	0.008469147431079412	0.01804043894675357	True	True	0.006891827704831494	0.016222939381438248	0.00864430374824309	0.020138519205387253	True	True
2026_all5mer	5mers_A_RNA_sparse_seq_02	0.95	POSTHOC_QUANTIZATION_SENSITIVITY	143542	93130	45532	44048	45532	0.007598916832680004	0.01459910757886107	0.00752677404743333	0.01448840947404027	0.007678689012457928	0.014717435078213124	True	True	0.0059147578576217	0.012923259435846577	0.007840713373042006	0.016322706954945157	True	True
2026_all5mer	5mers_A_RNA_sparse_seq_03	0.95	POSTHOC_QUANTIZATION_SENSITIVITY	147059	91400	50052	48525	50052	0.006205681406278876	0.02531582045298378	0.006140304147163512	0.025149414044406043	0.00627868805992549	0.025489856256092774	True	True	0.004869097266238514	0.02217678388462639	0.006389543503652885	0.03277758634004306	True	True
2026_all5mer	5mers_A_RNA_sparse_seq_04	0.95	POSTHOC_QUANTIZATION_SENSITIVITY	143648	91581	47111	45628	47111	0.010059682199058267	0.04808391501492497	0.00997813321696366	0.04783051799239366	0.010148860575684123	0.048344941431987525	True	True	0.008215690248344882	0.04369091213233463	0.010379005893186563	0.060144691365633426	True	True
2026_all5mer	5mers_A_RNA_sparse_seq_05	0.95	POSTHOC_QUANTIZATION_SENSITIVITY	145872	94407	52082	50711	52082	0.00550711925373727	0.02340381403955884	0.005447379491977495	0.0232513722288104	0.005574488410028297	0.023563885244838528	True	True	0.004672919040497176	0.021613313440589577	0.005652752429169396	0.028686038847300116	True	True
2026_all5mer	5mers_A_RNA_sparse_seq_06	0.95	POSTHOC_QUANTIZATION_SENSITIVITY	149149	93851	52296	50869	52296	0.007728655440044709	0.01244479436626497	0.007657117757553607	0.012344647663199489	0.007807822517067062	0.012552570463861705	True	True	0.00625413297104599	0.010720295686979929	0.007945859498433544	0.013595118399979452	True	True
2026_all5mer	5mers_A_RNA_sparse_seq_07	0.95	POSTHOC_QUANTIZATION_SENSITIVITY	144521	88910	45634	44284	45634	0.006998450424730002	0.024929133137918055	0.006932447317862127	0.02476901521244624	0.007072082926129127	0.02509688045792112	True	True	0.005165638497314239	0.022267793582234532	0.007199671557849367	0.03211324489548552	True	True
2026_all5mer	5mers_A_RNA_sparse_seq_08	0.95	POSTHOC_QUANTIZATION_SENSITIVITY	147619	88099	52460	51253	52460	0.005709895585903992	0.01955655844354223	0.0056528106701087735	0.01942684696796615	0.005774609896230461	0.019693899313649562	True	True	0.004319559799100538	0.0173373157689792	0.005844901578857531	0.02266293100460201	True	True
2026_all5mer	5mers_A_RNA_sparse_seq_09	0.95	POSTHOC_QUANTIZATION_SENSITIVITY	144331	91313	49090	47709	49090	0.007280817301896469	0.010871926466936934	0.007210898384782733	0.010779355707260563	0.007358365613541454	0.010972126621144555	True	True	0.005587489168847479	0.009434876550438625	0.007487561025451509	0.0116959903214742	True	True
2026_all5mer	5mers_A_RNA_sparse_seq_10	0.95	POSTHOC_QUANTIZATION_SENSITIVITY	138537	84417	51202	50031	51202	0.004725430348036713	0.028133509850410864	0.0046733648934116035	0.027956581275163393	0.004785125197193072	0.028318067820189582	True	True	0.003990109964109806	0.0256090629972583	0.004835008027335949	0.03796456792296133	True	True
2026_all5mer	5mers_A_RNA_sparse_seq_11	0.95	POSTHOC_QUANTIZATION_SENSITIVITY	146151	95068	55916	54468	55916	0.008216507249451884	0.014716440046340165	0.008145353144113491	0.01460997081460537	0.008295290749321527	0.014830538672606211	True	True	0.007058201948186932	0.01310166046417788	0.008439944674231814	0.01612833738033481	True	True
2026_all5mer	5mers_A_RNA_sparse_seq_12	0.95	POSTHOC_QUANTIZATION_SENSITIVITY	146910	93036	49092	47639	49092	0.008752376693468226	0.03634606291710739	0.00867580021252349	0.036141744934046996	0.008836582568944214	0.036558010294699024	True	True	0.006799643017656866	0.03198075328790038	0.009013535644715345	0.04420715244316871	True	True
2026_all5mer	5mers_A_RNA_sparse_seq_13	0.95	POSTHOC_QUANTIZATION_SENSITIVITY	143542	87073	54180	53052	54180	0.005304761388813186	0.025290340249943245	0.005252367247070673	0.025136999310204973	0.00536478492508695	0.025451310584212766	True	True	0.004408384219981145	0.023054863135704373	0.005421289743848335	0.030278215717936485	True	True
2026_all5mer	5mers_A_RNA_sparse_seq_14	0.95	POSTHOC_QUANTIZATION_SENSITIVITY	145398	91903	53557	52264	53557	0.0054983366287402104	0.013389475680824624	0.0054407499212105505	0.013289106597402962	0.00556355273080112	0.013497474158777537	True	True	0.004302214278194903	0.011920304749603074	0.005633422051476182	0.014808453214834247	True	True
2026_all5mer	5mers_A_RNA_sparse_seq_15	0.95	POSTHOC_QUANTIZATION_SENSITIVITY	143330	97937	41146	39481	41146	0.01429328163787422	0.036450896417860125	0.014188249243404963	0.03623407163129226	0.014405943426874726	0.036675350598959246	True	True	0.011702684221776484	0.0323514166215291	0.014868923841985696	0.04875921543227647	True	True
2026_all5mer	5mers_A_RNA_sparse_seq_16	0.95	POSTHOC_QUANTIZATION_SENSITIVITY	137067	96570	47127	45590	47127	0.010358330461144014	0.01688371890953927	0.010270320610564274	0.01676160965354352	0.010453969706255006	0.01701345756006627	True	True	0.008679804341656171	0.014881786211558957	0.010704499887920028	0.01857977137758466	True	True
2026_all5mer	5mers_A_RNA_sparse_seq_17	0.95	POSTHOC_QUANTIZATION_SENSITIVITY	139177	86709	55036	53920	55036	0.006119860406444901	0.011905997874354698	0.00606171198817947	0.01181849699146342	0.006185638219241582	0.012001128151777228	True	True	0.005068674681673488	0.010432967314978864	0.006256131217248314	0.012600873911481809	True	True
2026_all5mer	5mers_A_RNA_sparse_seq_18	0.95	POSTHOC_QUANTIZATION_SENSITIVITY	146200	91156	53936	52639	53936	0.006133748600229033	0.026056038647880735	0.006074038856074068	0.025896785449572	0.006201087738915248	0.02622292124072072	True	True	0.0052935032507503855	0.024072065590619588	0.006287029744081534	0.031241005903228817	True	True
2026_all5mer	5mers_A_RNA_sparse_seq_19	0.95	POSTHOC_QUANTIZATION_SENSITIVITY	143556	83789	52266	51391	52266	0.004576425293632049	0.015567420627891067	0.004531603148157532	0.015457437240716103	0.0046288768336378155	0.015685033409597284	True	True	0.003604418398694116	0.014365384845156407	0.004661594612951332	0.017688101811123184	True	True
2026_all5mer	5mers_A_RNA_sparse_seq_20	0.95	POSTHOC_QUANTIZATION_SENSITIVITY	146635	99940	47961	46483	47961	0.016673067413869026	0.06340549745277489	0.016565882621019552	0.0630937626268461	0.016787881601249745	0.06372486167323493	True	True	0.014773477385041308	0.058841940052992515	0.017209153197875294	0.07610716241526198	True	True
2026_all5mer	5mers_A_RNA_sparse_seq_21	0.95	POSTHOC_QUANTIZATION_SENSITIVITY	144612	90299	53023	51702	53023	0.005971190602201632	0.01994882411933883	0.005910949494076421	0.019814658497754534	0.006039061104858092	0.020090619135454377	True	True	0.004643047090976937	0.01766315129328587	0.006122332941554044	0.02355288762192191	True	True
2026_all5mer	5mers_A_RNA_sparse_seq_22	0.95	POSTHOC_QUANTIZATION_SENSITIVITY	140810	95371	34874	33151	34874	0.01663848151510897	0.03667614734574453	0.016516736951546773	0.036464867659930324	0.016767855473202413	0.036895056426089985	True	True	0.013692485755666046	0.03280389640585561	0.01745551290919795	0.04509318870345898	True	True
2026_all5mer	5mers_A_RNA_sparse_seq_23	0.95	POSTHOC_QUANTIZATION_SENSITIVITY	144122	93303	41951	40406	41951	0.009010858443243074	0.05035834237755929	0.008927307107082519	0.05008404382444813	0.009102039173934881	0.0506402703252017	True	True	0.007286889485770369	0.04702458548757147	0.009338588095982226	0.0751844007547415	True	True
2026_all5mer	5mers_A_RNA_sparse_seq_24	0.95	POSTHOC_QUANTIZATION_SENSITIVITY	146462	98390	50795	49306	50795	0.008098735822468646	0.029437324406343512	0.008025536967586469	0.029263168091503762	0.008179564071882075	0.029619110115714515	True	True	0.006669799679531614	0.026230511284478175	0.008339707646656617	0.03468198672405631	True	True
2026_all5mer	5mers_A_RNA_sparse_seq_25	0.95	POSTHOC_QUANTIZATION_SENSITIVITY	145248	93771	49322	47889	49322	0.009017963671615623	0.023734141120623768	0.008943920244551271	0.023576617359805246	0.009099636493211225	0.023899294275973537	True	True	0.0066227986375728305	0.019877479319613024	0.009276860726083991	0.029766133206750464	True	True
2026_all5mer	5mers_A_RNA_sparse_seq_26	0.95	POSTHOC_QUANTIZATION_SENSITIVITY	143527	93651	47941	46439	47941	0.005245668499538536	0.013298590471462273	0.005180717113853975	0.013184750894500528	0.005318249279754346	0.013420059442955266	True	True	0.00422670559933898	0.011648033824706933	0.005403752284912582	0.015325145080418042	True	True
2026_all5mer	5mers_A_RNA_sparse_seq_27	0.95	POSTHOC_QUANTIZATION_SENSITIVITY	146108	91228	54086	52790	54086	0.005930059677229537	0.020140824601504376	0.005870305208642688	0.020006801321623524	0.005997443540347635	0.020282477275916474	True	True	0.004577508168368141	0.018155696871013028	0.00607620548658998	0.023790115288668676	True	True
2026_all5mer	5mers_A_RNA_sparse_seq_28	0.95	POSTHOC_QUANTIZATION_SENSITIVITY	143563	86760	55396	54251	55396	0.012764357446255568	0.012514882675092636	0.012681819616358102	0.012419485790138539	0.012854524670684283	0.012617908954577983	True	True	0.010898241427941576	0.010850430605207113	0.013049976754050825	0.01321601997820545	True	True
2026_all5mer	5mers_A_RNA_sparse_seq_29	0.95	POSTHOC_QUANTIZATION_SENSITIVITY	144210	86474	55700	54534	55700	0.00529975576075446	0.026849792948642755	0.005244303622836484	0.026683476998203674	0.005362837293203686	0.02702373829361309	True	True	0.004439477089387495	0.02452442513480552	0.005419759793695984	0.03277876248882319	True	True
2026_all5mer	5mers_A_RNA_sparse_seq_30	0.95	POSTHOC_QUANTIZATION_SENSITIVITY	138802	92727	43786	42299	43786	0.012236481939559823	0.012368284833811588	0.01214036944577569	0.01226436564619398	0.012340223827875205	0.012479833415960446	True	True	0.010757791128341373	0.011005115110237254	0.012667165838116378	0.013098534232990781	True	True
2026_all5mer	5mers_A_RNA_sparse_seq_31	0.95	POSTHOC_QUANTIZATION_SENSITIVITY	145363	86899	54704	53527	54704	0.004667708873051445	0.017140777499536523	0.00461299658588723	0.01701595057233996	0.00473005055474691	0.01727323382126434	True	True	0.0033987582613648065	0.015106489791329723	0.004774320263691005	0.0206682433624641	True	True
2026_all5mer	5mers_A_RNA_sparse_seq_32	0.95	POSTHOC_QUANTIZATION_SENSITIVITY	140373	97135	42869	41246	42869	0.010504809466805168	0.03597028581574758	0.010410922033413204	0.03575904185735946	0.01060632629472838	0.03618915916866694	True	True	0.008870910509040191	0.0330454828372387	0.010907263815806888	0.0460229282313728	True	True
2026_all5mer	ALL	0.95	POSTHOC_QUANTIZATION_SENSITIVITY	4608734	2940322	1592552	1548357	1592552	0.007962148794091574	0.021836231653997847	0.00789120546428353	0.02169476966718915	0.008040721518430868	0.021985323035337796	True	True	0.00650159355597392	0.019562352091625046	0.008187661787788339	0.02532455072400666	True	True
2026_all5mer	5mers_A_RNA_sparse_seq_01	0.99	POSTHOC_QUANTIZATION_SENSITIVITY	143290	94025	33889	27763	33889	0.002102289242322188	0.006885339020528832	0.00207905492298847	0.006844704598003632	0.002133152956187157	0.006933602837585282	True	True	0.0014459413601713134	0.005063511303759619	0.002571609274654996	0.00826318798798911	True	True
2026_all5mer	5mers_A_RNA_sparse_seq_02	0.99	POSTHOC_QUANTIZATION_SENSITIVITY	143542	93130	29859	25924	29859	0.0019423426896370624	0.006223896104604637	0.0019231066963622254	0.006187264611518618	0.0019692080774431496	0.006268156992221906	True	True	0.0013351243565179304	0.003511652196801834	0.0022458047141143585	0.007482832401843364	True	True
2026_all5mer	5mers_A_RNA_sparse_seq_03	0.99	POSTHOC_QUANTIZATION_SENSITIVITY	147059	91400	33480	28750	33480	0.0011755183321315898	0.012921173948996936	0.001158775138171343	0.01285550897235708	0.0011998909206230866	0.012994468320168042	True	True	0.0006923438429461978	0.00783104782516047	0.0013740171952198886	0.018367561963608812	True	True
2026_all5mer	5mers_A_RNA_sparse_seq_04	0.99	POSTHOC_QUANTIZATION_SENSITIVITY	143648	91581	30879	26505	30879	0.003058815107447808	0.03742060578747968	0.003034882666074132	0.03726036135398609	0.0030903769433527337	0.03758847961550452	True	True	0.0016771322218944072	0.022325653218213802	0.0035721326388022403	0.04870492594056399	True	True
2026_all5mer	5mers_A_RNA_sparse_seq_05	0.99	POSTHOC_QUANTIZATION_SENSITIVITY	145872	94407	36605	31878	36605	0.0012345772430457438	0.012194270015263407	0.001217319971550164	0.012132073325733865	0.0012594639090725737	0.012264096099324199	True	True	0.0004972689095317284	0.005043928216446325	0.0014247682060572892	0.016523194040934816	True	True
2026_all5mer	5mers_A_RNA_sparse_seq_06	0.99	POSTHOC_QUANTIZATION_SENSITIVITY	149149	93851	34609	29595	34609	0.0016809914477134854	0.003744605448635997	0.0016623301942662132	0.003717354721051756	0.0017072820956920076	0.0037794855707514886	True	True	0.0011267501861933994	0.002774427998143199	0.0019720864181637064	0.004553860373639867	True	True
2026_all5mer	5mers_A_RNA_sparse_seq_07	0.99	POSTHOC_QUANTIZATION_SENSITIVITY	144521	88910	31639	27570	31639	0.0012702869552852962	0.014869107846121487	0.0012539388211172326	0.014798639926199416	0.0012942644839846096	0.014947205160574809	True	True	0.000606068503706601	0.007001642316102588	0.001464003689814217	0.018213185967937025	True	True
2026_all5mer	5mers_A_RNA_sparse_seq_08	0.99	POSTHOC_QUANTIZATION_SENSITIVITY	147619	88099	38211	33892	38211	0.0011084773889847963	0.006247005885156899	0.0010931552063245449	0.00620959214119003	0.0011314289661762975	0.006292049023655018	True	True	0.0007866738825531673	0.005014227890880096	0.0012577145996381788	0.008004412417091262	True	True
2026_all5mer	5mers_A_RNA_sparse_seq_09	0.99	POSTHOC_QUANTIZATION_SENSITIVITY	144331	91313	32472	27944	32472	0.0019401960051039164	0.003936223261674264	0.0019204529026630155	0.003907930383882388	0.0019675685020760676	0.00397214553399739	True	True	0.001169397815752901	0.0026925410575351656	0.0022622364566154715	0.004800392510720018	True	True
2026_all5mer	5mers_A_RNA_sparse_seq_10	0.99	POSTHOC_QUANTIZATION_SENSITIVITY	138537	84417	38060	33825	38060	0.0014233110581206073	0.03239016473695827	0.001406654281736485	0.03224848806190952	0.0014475972290359793	0.032539470806538275	True	True	0.0009451833510084248	0.024349955357640965	0.001610862917466546	0.04670757649134003	True	True
2026_all5mer	5mers_A_RNA_sparse_seq_11	0.99	POSTHOC_QUANTIZATION_SENSITIVITY	146151	95068	38404	32967	38404	0.0021083785300328823	0.005342917482126273	0.0020878126988521702	0.005308908603425909	0.0021365737557448444	0.0053845557553578866	True	True	0.0013512980805934446	0.0037158339676955578	0.002464247264346436	0.006531915970763005	True	True
2026_all5mer	5mers_A_RNA_sparse_seq_12	0.99	POSTHOC_QUANTIZATION_SENSITIVITY	146910	93036	32212	26510	32212	0.002630722385066852	0.025113793735378306	0.0026071231794197428	0.025000791811188944	0.0026619509852452115	0.025234425054098914	True	True	0.001396016992770305	0.012078250860398437	0.0032003468084245527	0.03267170292463273	True	True
2026_all5mer	5mers_A_RNA_sparse_seq_13	0.99	POSTHOC_QUANTIZATION_SENSITIVITY	143542	87073	41192	36901	41192	0.0013882067856869204	0.01615223968210304	0.0013721234174718393	0.016075939745230288	0.0014119195484332517	0.01623616901350704	True	True	0.0009694380259325668	0.012257732872597484	0.0015594789928756805	0.021220335834132225	True	True
2026_all5mer	5mers_A_RNA_sparse_seq_14	0.99	POSTHOC_QUANTIZATION_SENSITIVITY	145398	91903	38406	33823	38406	0.001128567746919325	0.004858744167550968	0.0011127195600134094	0.004827576644359186	0.0011520453283564904	0.004897541085273999	True	True	0.0007315415067425064	0.0031227581705631454	0.0012890281206017458	0.005868127167163932	True	True
2026_all5mer	5mers_A_RNA_sparse_seq_15	0.99	POSTHOC_QUANTIZATION_SENSITIVITY	143330	97937	24881	20321	24881	0.004433805260942477	0.027815145874455285	0.004401464275615994	0.027689175935064203	0.004473775640800209	0.027948745208377618	True	True	0.002522097243374806	0.011319781288695839	0.0054343552856055775	0.04126382689939472	True	True
2026_all5mer	5mers_A_RNA_sparse_seq_16	0.99	POSTHOC_QUANTIZATION_SENSITIVITY	137067	96570	28834	23393	28834	0.0031851499729086377	0.005300828638033784	0.003158007331568201	0.0052657812060037095	0.0032199220087803246	0.00534350546459511	True	True	0.002347004078444984	0.003912754303115844	0.003933011037195534	0.006592320600578606	True	True
2026_all5mer	5mers_A_RNA_sparse_seq_17	0.99	POSTHOC_QUANTIZATION_SENSITIVITY	139177	86709	40096	35654	40096	0.0015723425582800498	0.003942455632520794	0.0015558134719836456	0.003915944753590765	0.001596501039107704	0.003976595905982073	True	True	0.0010448209747105038	0.002758702212706881	0.0017773279244864663	0.004615557922750247	True	True
2026_all5mer	5mers_A_RNA_sparse_seq_18	0.99	POSTHOC_QUANTIZATION_SENSITIVITY	146200	91156	38631	34090	38631	0.001530948086031286	0.013103810015891839	0.001514050589683884	0.01303907839748662	0.001555474976909938	0.013176171028828306	True	True	0.0010594538473117862	0.009076801024379782	0.0017435327285868602	0.0170199083822024	True	True
2026_all5mer	5mers_A_RNA_sparse_seq_19	0.99	POSTHOC_QUANTIZATION_SENSITIVITY	143556	83789	41583	38359	41583	0.0011558655642346237	0.01163571403289443	0.0011426815895928398	0.011578406930473236	0.0011766789334076576	0.011700650529846875	True	True	0.0006967287024133716	0.0072218603436611266	0.001263476479164699	0.014783464309292218	True	True
2026_all5mer	5mers_A_RNA_sparse_seq_20	0.99	POSTHOC_QUANTIZATION_SENSITIVITY	146635	99940	31627	27325	31627	0.004421634332128143	0.03853156598961522	0.004392471142202963	0.03836646844278275	0.004458426916584574	0.03870429293097895	True	True	0.0025443879706135955	0.023930935138101017	0.005127774987839773	0.05120809756231135	True	True
2026_all5mer	5mers_A_RNA_sparse_seq_21	0.99	POSTHOC_QUANTIZATION_SENSITIVITY	144612	90299	37551	32621	37551	0.0014440174798146916	0.010384704625942208	0.001426529971322335	0.010330456778216267	0.0014691343828382982	0.0104465818681994	True	True	0.0008808134969888672	0.006923066030831478	0.0016694233395744937	0.013347499748125786	True	True
2026_all5mer	5mers_A_RNA_sparse_seq_22	0.99	POSTHOC_QUANTIZATION_SENSITIVITY	140810	95371	18465	14455	18465	0.00474128816110346	0.013974212120131566	0.004707355018944202	0.013904854535572393	0.004782850697793968	0.014051199099221989	True	True	0.0031255934663280615	0.008495854780161561	0.006059286731829263	0.017266338516007354	True	True
2026_all5mer	5mers_A_RNA_sparse_seq_23	0.99	POSTHOC_QUANTIZATION_SENSITIVITY	144122	93303	25585	20928	25585	0.0018867498639740235	0.03394379822753921	0.001864513690196282	0.03379591642068057	0.001916615432283015	0.03409930942892911	True	True	0.001330796025038129	0.024539814552761448	0.002311096686868792	0.041989956017067155	True	True
2026_all5mer	5mers_A_RNA_sparse_seq_24	0.99	POSTHOC_QUANTIZATION_SENSITIVITY	146462	98390	33664	28838	33664	0.0015817268719691287	0.009955120498286597	0.0015633772534562607	0.009902399358926587	0.0016077058850132468	0.010015471032177856	True	True	0.0011286824102894031	0.006811231629013669	0.001852879097683733	0.012889868865741458	True	True
2026_all5mer	5mers_A_RNA_sparse_seq_25	0.99	POSTHOC_QUANTIZATION_SENSITIVITY	145248	93771	34237	29464	34237	0.0014674649128698142	0.009480351876813757	0.0014491691403283546	0.009427683912634804	0.0014933900799425238	0.009540649235523958	True	True	0.0009076482291335609	0.006889588262850084	0.001712048760918633	0.013865125363588991	True	True
2026_all5mer	5mers_A_RNA_sparse_seq_26	0.99	POSTHOC_QUANTIZATION_SENSITIVITY	143527	93651	30576	25638	30576	0.0009641831985385801	0.004978309332984476	0.0009474043194877109	0.004944049722056254	0.0009885914721206993	0.005020198338443948	True	True	0.000564305605399735	0.003496408281302885	0.0011520736724080166	0.006741364121288963	True	True
2026_all5mer	5mers_A_RNA_sparse_seq_27	0.99	POSTHOC_QUANTIZATION_SENSITIVITY	146108	91228	38715	33720	38715	0.00152860737795302	0.008992103872771502	0.001510629970467277	0.00894344243056515	0.0015542141799700132	0.009048394709509106	True	True	0.0009057207983304418	0.005099928735993296	0.0017629427161472225	0.01157744931012401	True	True
2026_all5mer	5mers_A_RNA_sparse_seq_28	0.99	POSTHOC_QUANTIZATION_SENSITIVITY	143563	86760	41672	36910	41672	0.005095974912476828	0.0058024231115274185	0.0050647433144182545	0.0057672080344843765	0.005134835905066652	0.005845267583101709	True	True	0.003359669604414131	0.0031740412711173927	0.005768459716050914	0.006935978290118595	True	True
2026_all5mer	5mers_A_RNA_sparse_seq_29	0.99	POSTHOC_QUANTIZATION_SENSITIVITY	144210	86474	40796	35852	40796	0.0014041889787994304	0.02218146726748732	0.0013867686900312685	0.022080064197941576	0.0014292386620988423	0.022290499731564314	True	True	0.0008844615344545141	0.015559118568663393	0.0016065327486408214	0.03035749903350348	True	True
2026_all5mer	5mers_A_RNA_sparse_seq_30	0.99	POSTHOC_QUANTIZATION_SENSITIVITY	138802	92727	26226	21810	26226	0.004136144492170371	0.004592923621697937	0.004106870552481316	0.004561374115863685	0.004173047826390676	0.004632102522063438	True	True	0.002769973014956806	0.002826997865280491	0.0049821867083254655	0.0056465774185450075	True	True
2026_all5mer	5mers_A_RNA_sparse_seq_31	0.99	POSTHOC_QUANTIZATION_SENSITIVITY	145363	86899	38903	33404	38903	0.0009142540783464542	0.007623330883937444	0.000898070124934131	0.007578847167091939	0.0009380674262900275	0.0076754439953142	True	True	0.0005969819269520905	0.00462396220422749	0.0010695508829509067	0.010291359106660104	True	True
2026_all5mer	5mers_A_RNA_sparse_seq_32	0.99	POSTHOC_QUANTIZATION_SENSITIVITY	140373	97135	24480	18415	24480	0.0033041249692829606	0.018622005344152658	0.0032728612812515955	0.01853219336557349	0.0033430180518455753	0.018719446717263076	True	True	0.001799359754869748	0.008710154654091052	0.004390270002436643	0.023962546809915122	True	True
2026_all5mer	ALL	0.99	POSTHOC_QUANTIZATION_SENSITIVITY	4608734	2940322	1086439	935044	1086439	0.002044657225495322	0.00964245932313771	0.0020244155511335727	0.009591424781554126	0.002072528294388321	0.009701123259252544	True	True	0.001282823573520322	0.005980438803085383	0.0023838760320704683	0.01211005098916519	True	True
